2024-02,hogwarts,"Ministerio de magia",8020,"Ministerio de magia",PH110086,"TUTORÃAS DE ACOMPAÃAMIENTO MAGICO",50,S,Diurno,26,0,jueves,15:45,17:05,01/08/24,31/12/24,22,"HOGWARTS - TORRE  II",S,,"Por fijar",,,O
2024-02,hogwarts,"Ministerio de magia",8020,"Ministerio de magia",PH110086,"TUTORÃAS DE ACOMPAÃAMIENTO MAGICO",35,S,Diurno,10,0,jueves,11:15,12:35,01/08/24,31/12/24,44,"HOGWARTS - TORRE  II",S,,"Por fijar",,,O
2024-02,hogwarts,"Ministerio de magia",8020,"Ministerio de magia",PH110086,"TUTORÃAS DE ACOMPAÃAMIENTO MAGICO",45,S,Diurno,9,0,martes,14:15,15:35,01/08/24,31/12/24,56,"HOGWARTS - TORRE  II",S,,"Por fijar",,,O
2024-02,hogwarts,"Ministerio de magia",8020,"Ministerio de magia",PH110086,"TUTORÃAS DE ACOMPAÃAMIENTO MAGICO",10,S,Diurno,46,0,martes,12:45,14:05,01/08/24,31/12/24,315,"HOGWARTS - TORRE B",S,,"Por fijar",,,O
2024-02,Beauxbaton,"Facultad de Magia y HechicerÃ­a",4010,"ESCUELA DE MAGIA",GH13458,"ESTUDIOS DE DEMONIOS NECROFAGOS  I",230,S,Diurno,57,57,jueves,09:45,11:05,01/08/24,30/12/24,"102 (H)","BEAUXBATON - EDIFICIO A",S,,"Por fijar",,,O
2024-02,Beauxbaton,"Facultad de Magia y HechicerÃ­a",4010,"ESCUELA DE MAGIA",GH13458,"ESTUDIOS DE DEMONIOS NECROFAGOS  I",230,S,Diurno,57,57,jueves,11:15,12:35,01/08/24,30/12/24,"102 (H)","BEAUXBATON - EDIFICIO A",S,,"Por fijar",,,O
2024-02,Beauxbaton,"Facultad de Magia y HechicerÃ­a",4010,"ESCUELA DE MAGIA",GH13458,"ESTUDIOS DE DEMONIOS NECROFAGOS  I",230,S,Diurno,57,57,jueves,12:45,14:05,01/08/24,30/12/24,"102 (H)","BEAUXBATON - EDIFICIO A",S,,"Por fijar",,,O
2024-02,Beauxbaton,"Facultad de Magia y HechicerÃ­a",4010,"ESCUELA DE MAGIA",GH24441,"ESTUDIOS DE DEMONIOS NECROFAGOS  VI",210,S,Diurno,30,23,lunes,15:45,17:05,01/08/24,30/12/24,"401 (H)","BEAUXBATON - EDIFICIO B",S,,"Por fijar",,,O
2024-02,Beauxbaton,"Facultad de Magia y HechicerÃ­a",4010,"ESCUELA DE MAGIA",GH24441,"ESTUDIOS DE DEMONIOS NECROFAGOS  VI",210,S,Diurno,30,23,lunes,17:15,18:35,01/08/24,30/12/24,"401 (H)","BEAUXBATON - EDIFICIO B",S,,"Por fijar",,,O
2024-02,hogwarts,"Facultad de Magia y HechicerÃ­a",6012,"ESCUELA DE HECHICERÃA",WH236002,"FUNDAMENTOS MAGICOS",20,S,Diurno,35,32,martes,09:45,11:05,01/08/24,30/12/24,"AULA B (H)","HOGWARTS - ",S,,"Por fijar",,,O
2024-02,hogwarts,"Facultad de Magia y HechicerÃ­a",6012,"ESCUELA DE HECHICERÃA",WH236002,"FUNDAMENTOS MAGICOS",20,S,Diurno,35,32,martes,11:15,12:35,01/08/24,30/12/24,"AULA B (H)","HOGWARTS - ",S,,"Por fijar",,,O
2024-02,Beauxbaton,"Facultad de Magia y HechicerÃ­a",6012,"ESCUELA DE HechicerÃ­a",WH236009,"Hospital San Mungo de Enfermedades y Heridas MÃ¡gicas",210,S,Diurno,32,26,lunes,15:45,17:05,01/08/24,30/12/24,206,"BEAUXBATON - EDIFICIO A",S,11262739,Alastor,Moody,,SIN
2024-02,Beauxbaton,"Facultad de Magia y HechicerÃ­a",6012,"ESCUELA DE HechicerÃ­a",WH236009,"Hospital San Mungo de Enfermedades y Heridas MÃ¡gicas",210,S,Diurno,32,26,lunes,17:15,18:35,01/08/24,30/12/24,206,"BEAUXBATON - EDIFICIO A",S,11262739,Alastor,Moody,,SIN
2024-02,hogwarts,"Facultad de Magia y HechicerÃ­a",4010,"ESCUELA DE MAGIA",GH13479,"MAGIA BLANCA",10,S,Diurno,50,30,martes,08:15,09:35,01/08/24,30/12/24,"308 (H)","HOGWARTS - ",S,12317173,Alastor,"PITURRA ",,JC1
2024-02,hogwarts,"Facultad de Magia y HechicerÃ­a",4010,"ESCUELA DE MAGIA",GH13479,"MAGIA BLANCA",10,S,Diurno,50,30,martes,09:45,11:05,01/08/24,30/12/24,"308 (H)","HOGWARTS - ",S,12317173,Alastor,"PITURRA ",,JC1
2024-02,hogwarts,"Facultad de Magia y HechicerÃ­a",4010,"ESCUELA DE MAGIA",GH13479,"MAGIA BLANCA",10,S,Diurno,50,30,martes,11:15,12:35,01/08/24,30/12/24,"308 (H)","HOGWARTS - ",S,12317173,Alastor,"PITURRA ",,JC1
2024-02,hogwarts,"Facultad de Magia y HechicerÃ­a",4010,"ESCUELA DE MAGIA",GH13467,"POCIONES I",30,S,Vespertino,40,33,martes,18:50,20:10,01/08/24,30/12/24,212,"HOGWARTS - TORRE B",S,14003526,Albus,Dumbledore,,JC1
2024-02,hogwarts,"Facultad de Magia y HechicerÃ­a",4010,"ESCUELA DE MAGIA",GH13467,"POCIONES I",30,S,Vespertino,40,33,martes,20:15,21:35,01/08/24,30/12/24,212,"HOGWARTS - TORRE B",S,14003526,Albus,Dumbledore,,JC1
2024-02,hogwarts,"Facultad de Magia y HechicerÃ­a",4010,"ESCUELA DE MAGIA",GH13467,"POCIONES I",30,S,Vespertino,40,33,martes,21:40,23:00,01/08/24,30/12/24,212,"HOGWARTS - TORRE B",S,14003526,Albus,Dumbledore,,JC1
2024-02,hogwarts,"Facultad de Magia y HechicerÃ­a",4010,"ESCUELA DE MAGIA",GH13467,"POCIONES I",20,S,Diurno,70,70,jueves,08:15,09:35,01/08/24,30/12/24,"AULA D (H)","HOGWARTS - ",S,14003526,Albus,Dumbledore,,JC1
2024-02,hogwarts,"Facultad de Magia y HechicerÃ­a",4010,"ESCUELA DE MAGIA",GH13467,"POCIONES I",20,S,Diurno,70,70,jueves,09:45,11:05,01/08/24,30/12/24,"AULA D (H)","HOGWARTS - ",S,14003526,Albus,Dumbledore,,JC1
2024-02,hogwarts,"Facultad de Magia y HechicerÃ­a",4010,"ESCUELA DE MAGIA",GH13467,"POCIONES I",20,S,Diurno,70,70,jueves,11:15,12:35,01/08/24,30/12/24,"AULA D (H)","HOGWARTS - ",S,14003526,Albus,Dumbledore,,JC1
2024-02,hogwarts,"Ministerio de magia",9010,"PROGRAMA DE PÃRCEL",WH23639,"PÃRSEL II",100,S,Vespertino,3,2,martes,18:50,20:10,01/08/24,31/12/24,"4 (EX 113) SALA REUNION PÃRCEL","HOGWARTS - TORRE D",S,15137023,Alicia,Spinnet,,INSD
2024-02,Beauxbaton,"Facultad de Magia y HechicerÃ­a",4010,"ESCUELA DE MAGIA",GH23495,"REUNIÃN MAGICA  II",220,S,Diurno,33,14,viernes,14:15,15:35,01/08/24,30/12/24,207,"BEAUXBATON - EDIFICIO A",S,17932239,Angelina,Johnson,,INSD
2024-02,Beauxbaton,"Facultad de Magia y HechicerÃ­a",4010,"ESCUELA DE MAGIA",GH23495,"REUNIÃN MAGICA  II",220,S,Diurno,33,14,viernes,15:45,17:05,01/08/24,30/12/24,207,"BEAUXBATON - EDIFICIO A",S,17932239,Angelina,Johnson,,INSD
2024-02,Beauxbaton,"Facultad de Magia y HechicerÃ­a",4010,"ESCUELA DE MAGIA",GH23495,"REUNIÃN MAGICA  II",220,S,Diurno,33,14,viernes,17:15,18:35,01/08/24,30/12/24,207,"BEAUXBATON - EDIFICIO A",S,17932239,Angelina,Johnson,,INSD
2024-02,Beauxbaton,"Facultad de Magia y HechicerÃ­a",4010,"ESCUELA DE MAGIA",GH13467,"POCIONES I",210,S,Diurno,55,55,lunes,08:15,09:35,01/08/24,30/12/24,207,"BEAUXBATON - EDIFICIO A",S,19277242,Argus,Filch,,JC1
2024-02,Beauxbaton,"Facultad de Magia y HechicerÃ­a",4010,"ESCUELA DE MAGIA",GH13467,"POCIONES I",210,S,Diurno,55,55,lunes,09:45,11:05,01/08/24,30/12/24,207,"BEAUXBATON - EDIFICIO A",S,19277242,Argus,Filch,,JC1
2024-02,Beauxbaton,"Facultad de Magia y HechicerÃ­a",4010,"ESCUELA DE MAGIA",GH13467,"POCIONES I",210,S,Diurno,55,55,lunes,11:15,12:35,01/08/24,30/12/24,207,"BEAUXBATON - EDIFICIO A",S,19277242,Argus,Filch,,JC1
2024-02,Beauxbaton,"Facultad de Magia y HechicerÃ­a",4010,"ESCUELA DE MAGIA",GH13479,"MAGIA BLANCA",210,S,Diurno,50,47,jueves,08:15,09:35,01/08/24,30/12/24,207,"BEAUXBATON - EDIFICIO A",S,19277242,Argus,Filch,,JC1
2024-02,Beauxbaton,"Facultad de Magia y HechicerÃ­a",4010,"ESCUELA DE MAGIA",GH13479,"MAGIA BLANCA",210,S,Diurno,50,47,jueves,09:45,11:05,01/08/24,30/12/24,207,"BEAUXBATON - EDIFICIO A",S,19277242,Argus,Filch,,JC1
2024-02,Beauxbaton,"Facultad de Magia y HechicerÃ­a",4010,"ESCUELA DE MAGIA",GH13479,"MAGIA BLANCA",210,S,Diurno,50,47,jueves,11:15,12:35,01/08/24,30/12/24,207,"BEAUXBATON - EDIFICIO A",S,19277242,Argus,Filch,,JC1
2024-02,hogwarts,"Facultad de Magia y HechicerÃ­a",6012,"ESCUELA DE HECHICERÃA",WH236003,"Examinador de ApariciÃ³n I",50,S,Diurno,30,17,martes,14:15,15:35,01/08/24,30/12/24,306,"HOGWARTS - TORRE D",S,26287315,Bathsheda,Babbling,,INSD
2024-02,hogwarts,"Facultad de Magia y HechicerÃ­a",6012,"ESCUELA DE HECHICERÃA",WH236003,"Examinador de ApariciÃ³n I",50,S,Diurno,30,17,martes,15:45,17:05,01/08/24,30/12/24,306,"HOGWARTS - TORRE D",S,26287315,Bathsheda,Babbling,,INSD
2024-02,hogwarts,"Facultad de Magia y HechicerÃ­a",4010,"ESCUELA DE MAGIA",HW13977,"TALLER DE CASTELLANO",10,S,Diurno,42,39,viernes,11:15,12:35,01/08/24,30/12/24,"9 (H)","HOGWARTS - TORRE B",S,26800262,Bellatrix,Lestrange,,INSD
2024-02,hogwarts,"Facultad de Magia y HechicerÃ­a",4010,"ESCUELA DE MAGIA",HW13977,"TALLER DE CASTELLANO",10,S,Diurno,42,39,viernes,12:45,14:05,01/08/24,30/12/24,"9 (H)","HOGWARTS - TORRE B",S,26800262,Bellatrix,Lestrange,,INSD
2024-02,hogwarts,"Ministerio de magia",8020,"Ministerio de magia",HP25151,"CTI: COMUNICACIÃN EFECTIVA E INTERACCIÃN HUMANA",20,S,Diurno,45,45,jueves,15:45,17:05,01/08/24,30/12/24,213,"HOGWARTS - TORRE B",S,29097218,Blaise,Zabini,,SIN
2024-02,hogwarts,"Ministerio de magia",8020,"Ministerio de magia",HP25151,"CTI: COMUNICACIÃN EFECTIVA E INTERACCIÃN HUMANA",50,S,Diurno,44,44,martes,14:15,15:35,01/08/24,31/12/24,312,"HOGWARTS - TORRE B",S,29097218,Blaise,Zabini,,SIN
2024-02,hogwarts,"Ministerio de magia",8020,"Ministerio de magia",HP25151,"CTI: COMUNICACIÃN EFECTIVA E INTERACCIÃN HUMANA",10,S,Diurno,43,43,lunes,14:15,15:35,01/08/24,30/12/24,313,"HOGWARTS - TORRE B",S,29097218,Blaise,Zabini,,SIN
2024-02,hogwarts,"Ministerio de magia",8020,"Ministerio de magia",HP25151,"CTI: COMUNICACIÃN EFECTIVA E INTERACCIÃN HUMANA",40,S,Diurno,35,35,viernes,14:15,15:35,08/07/24,31/12/24,414,"HOGWARTS - TORRE B",S,29097218,Blaise,Zabini,,SIN
2024-02,hogwarts,"Ministerio de magia",8020,"Ministerio de magia",HP25152,"CTI: USABILIDAD",10,S,Diurno,40,40,martes,09:45,11:05,01/08/24,30/12/24,210,"HOGWARTS - TORRE B",S,33977706,Cho,Chang,,ATD
2024-02,hogwarts,"Ministerio de magia",8020,"Ministerio de magia",HP25152,"CTI: USABILIDAD",20,S,Diurno,42,42,martes,11:15,12:35,01/08/24,30/12/24,211,"HOGWARTS - TORRE B",S,33977706,Cho,Chang,,ATD
2024-02,hogwarts,"Ministerio de magia",8020,"Ministerio de magia",HP25152,"CTI: USABILIDAD",30,S,Diurno,41,41,martes,12:45,14:05,01/08/24,30/12/24,417,"HOGWARTS - TORRE B",S,33977706,Cho,Chang,,ATD
2024-02,Beauxbaton,"Facultad de Magia y HechicerÃ­a",6012,"ESCUELA DE HechicerÃ­a",WH236019,"ESTRATEGIAS INNOVADORAS PARA  ENCANTAR",210,S,Diurno,15,13,lunes,11:15,12:35,01/08/24,30/12/24,505,"BEAUXBATON - EDIFICIO B",S,38410052,Daphne,Greengrass,,INSD
2024-02,Beauxbaton,"Facultad de Magia y HechicerÃ­a",6012,"ESCUELA DE HechicerÃ­a",WH236019,"ESTRATEGIAS INNOVADORAS PARA  ENCANTAR",210,S,Diurno,15,13,lunes,12:45,14:05,01/08/24,30/12/24,505,"BEAUXBATON - EDIFICIO B",S,38410052,Daphne,Greengrass,,INSD
2024-02,Beauxbaton,"Facultad de Magia y HechicerÃ­a",6012,"ESCUELA DE HechicerÃ­a",WH236032," CONCURSO DE ESCUELAS",210,S,Diurno,17,15,martes,11:15,12:35,01/08/24,30/12/24,Library,"BEAUXBATON - EDIFICIO A",S,38410052,Daphne,Greengrass,,INSD
2024-02,Beauxbaton,"Facultad de Magia y HechicerÃ­a",6012,"ESCUELA DE HechicerÃ­a",WH236032," CONCURSO DE ESCUELAS",210,S,Diurno,17,15,martes,12:45,14:05,01/08/24,30/12/24,Library,"BEAUXBATON - EDIFICIO A",S,38410052,Daphne,Greengrass,,INSD
2024-02,hogwarts,"Facultad de Magia y HechicerÃ­a",6012,"ESCUELA DE HECHICERÃA",WH236011,"ANÃLISIS DE INFORMACIÃN ASTROLOGICA",10,S,Diurno,30,30,martes,09:45,11:05,01/08/24,30/12/24,"AULA E","HOGWARTS - ",S,41647869,Dean,Thomas,,ATD
2024-02,hogwarts,"Facultad de Magia y HechicerÃ­a",6012,"ESCUELA DE HECHICERÃA",WH236011,"ANÃLISIS DE INFORMACIÃN ASTROLOGICA",10,S,Diurno,30,30,martes,11:15,12:35,01/08/24,30/12/24,"AULA E","HOGWARTS - ",S,41647869,Dean,Thomas,,ATD
2024-02,hogwarts,"Facultad de Magia y HechicerÃ­a",6012,"ESCUELA DE HECHICERÃA",WH236011,"ANÃLISIS DE INFORMACIÃN ASTROLOGICA",20,S,Diurno,30,11,martes,14:15,15:35,01/08/24,30/12/24,"AULA E","HOGWARTS - ",S,41647869,Dean,Thomas,,ATD
2024-02,hogwarts,"Facultad de Magia y HechicerÃ­a",6012,"ESCUELA DE HECHICERÃA",WH236011,"ANÃLISIS DE INFORMACIÃN ASTROLOGICA",20,S,Diurno,30,11,martes,15:45,17:05,01/08/24,30/12/24,"AULA E","HOGWARTS - ",S,41647869,Dean,Thomas,,ATD
2024-02,hogwarts,"Ministerio de magia",8020,"Ministerio de magia",PH110059,"CTI: COMPETENCIAS DE LIDERAZGO MAGICO",30,S,Diurno,42,42,martes,15:45,17:05,01/08/24,30/12/24,210,"HOGWARTS - TORRE B",S,46423089,Dolores,Umbridge,,ATD
2024-02,hogwarts,"Ministerio de magia",8020,"Ministerio de magia",PH110059,"CTI: COMPETENCIAS DE LIDERAZGO MAGICO",60,S,Diurno,35,32,martes,14:15,15:35,01/08/24,31/12/24,317,"HOGWARTS - TORRE B",S,46423089,Dolores,Umbridge,,ATD
2024-02,hogwarts,"Facultad de Magia y HechicerÃ­a",6012,"ESCUELA DE HECHICERÃA",WH13143,"TIMOS TÃ­tulo Indispensable de Magia Ordinaria",30,I,Diurno,15,3,martes,17:15,18:35,01/08/24,30/12/24,306,"HOGWARTS - TORRE B",S,46552732,Dolores,Umbridge,,JC1
2024-02,hogwarts,"Facultad de Magia y HechicerÃ­a",6012,"ESCUELA DE HECHICERÃA",WH13143,"TIMOS TÃ­tulo Indispensable de Magia Ordinaria",30,I,Diurno,15,3,martes,18:50,20:10,01/08/24,30/12/24,306,"HOGWARTS - TORRE B",S,46552732,Dolores,Umbridge,,JC1
2024-02,hogwarts,"Facultad de Magia y HechicerÃ­a",6012,"ESCUELA DE HECHICERÃA",WH236003,"Examinador de ApariciÃ³n I",40,S,Diurno,14,14,martes,14:15,15:35,01/08/24,30/12/24,"103 (EX 116) (H)","HOGWARTS - TORRE D",S,46552732,Dolores,Umbridge,,JC1
2024-02,hogwarts,"Facultad de Magia y HechicerÃ­a",6012,"ESCUELA DE HECHICERÃA",WH236003,"Examinador de ApariciÃ³n I",40,S,Diurno,14,14,martes,15:45,17:05,01/08/24,30/12/24,"103 (EX 116) (H)","HOGWARTS - TORRE D",S,46552732,Dolores,Umbridge,,JC1
2024-02,hogwarts,"Facultad de Magia y HechicerÃ­a",6012,"ESCUELA DE HECHICERÃA",WH236021,"Examinador de ApariciÃ³n V",10,S,Diurno,11,11,martes,09:45,11:05,01/08/24,30/12/24,205,"HOGWARTS - TORRE B",S,46552732,Dolores,Umbridge,,JC1
2024-02,hogwarts,"Facultad de Magia y HechicerÃ­a",6012,"ESCUELA DE HECHICERÃA",WH236021,"Examinador de ApariciÃ³n V",10,S,Diurno,11,11,martes,11:15,12:35,01/08/24,30/12/24,205,"HOGWARTS - TORRE B",S,46552732,Dolores,Umbridge,,JC1
2024-02,hogwarts,"Ministerio de magia",9010,"PROGRAMA DE PÃRCEL",WH23637,"PÃRSEL I",70,S,Diurno,38,38,martes,08:15,09:35,01/08/24,30/12/24,416,"HOGWARTS - TORRE B",S,47906343,Draco,Malfoy,,JT1
2024-02,hogwarts,"Ministerio de magia",9010,"PROGRAMA DE PÃRCEL",WH233410,"PÃRSEL III",60,S,Diurno,20,13,lunes,14:15,15:35,01/08/24,30/12/24,"103 (EX 116) (H)","HOGWARTS - TORRE D",S,47906343,Draco,Malfoy,,JT1
2024-02,hogwarts,"Ministerio de magia",9010,"PROGRAMA DE PÃRCEL",WH233410,"PÃRSEL III",60,S,Diurno,20,13,lunes,15:45,17:05,01/08/24,30/12/24,"103 (EX 116) (H)","HOGWARTS - TORRE D",S,47906343,Draco,Malfoy,,JT1
2024-02,Beauxbaton,"Facultad de Magia y HechicerÃ­a",4010,"ESCUELA DE MAGIA",GH13467,"POCIONES I",220,S,Diurno,55,51,martes,14:15,15:35,01/08/24,30/12/24,"102 (H)","BEAUXBATON - EDIFICIO A",S,52199394,Ernie,Macmillan,,ASD
2024-02,Beauxbaton,"Facultad de Magia y HechicerÃ­a",4010,"ESCUELA DE MAGIA",GH13467,"POCIONES I",220,S,Diurno,55,51,martes,15:45,17:05,01/08/24,30/12/24,"102 (H)","BEAUXBATON - EDIFICIO A",S,52199394,Ernie,Macmillan,,ASD
2024-02,Beauxbaton,"Facultad de Magia y HechicerÃ­a",4010,"ESCUELA DE MAGIA",GH13467,"POCIONES I",220,S,Diurno,55,51,martes,17:15,18:35,01/08/24,30/12/24,"102 (H)","BEAUXBATON - EDIFICIO A",S,52199394,Ernie,Macmillan,,ASD
2024-02,Beauxbaton,"Ministerio de magia",9010,"PROGRAMA DE pÃ¡rsel",WH23637,"PÃRSEL I",250,S,Diurno,45,25,jueves,11:15,12:35,01/08/24,30/12/24,410,"BEAUXBATON - EDIFICIO B",S,54966881,Filius,Flitwick,,SIN
2024-02,Beauxbaton,"Ministerio de magia",9010,"PROGRAMA DE pÃ¡rsel",WH23637,"PÃRSEL I",250,S,Diurno,45,25,jueves,12:45,14:05,01/08/24,30/12/24,410,"BEAUXBATON - EDIFICIO B",S,54966881,Filius,Flitwick,,SIN
2024-02,Beauxbaton,"Ministerio de magia",9010,"PROGRAMA DE pÃ¡rsel",WH23637,"PÃRSEL I",270,S,Diurno,49,47,lunes,11:15,12:35,01/08/24,30/12/24,508,"BEAUXBATON - EDIFICIO B",S,54966881,Filius,Flitwick,,SIN
2024-02,Beauxbaton,"Ministerio de magia",9010,"PROGRAMA DE pÃ¡rsel",WH23637,"PÃRSEL I",270,S,Diurno,49,47,lunes,12:45,14:05,01/08/24,30/12/24,508,"BEAUXBATON - EDIFICIO B",S,54966881,Filius,Flitwick,,SIN
2024-02,Beauxbaton,"Ministerio de magia",9010,"PROGRAMA DE pÃ¡rsel",WH23637,"PÃRSEL I",210,S,Diurno,48,47,martes,11:15,12:35,01/08/24,30/12/24,"413 (H)","BEAUXBATON - EDIFICIO B",S,54966881,Filius,Flitwick,,SIN
2024-02,Beauxbaton,"Ministerio de magia",9010,"PROGRAMA DE pÃ¡rsel",WH233410,"PÃRSEL III",240,S,Diurno,45,26,martes,17:15,18:35,01/08/24,30/12/24,"408 (H)","BEAUXBATON - EDIFICIO B",S,54966881,Filius,Flitwick,,SIN
2024-02,Beauxbaton,"Ministerio de magia",9010,"PROGRAMA DE pÃ¡rsel",WH233410,"PÃRSEL III",240,S,Diurno,45,26,martes,18:50,20:10,01/08/24,30/12/24,"408 (H)","BEAUXBATON - EDIFICIO B",S,54966881,Filius,Flitwick,,SIN
2024-02,hogwarts,"Facultad de Magia y HechicerÃ­a",4010,"ESCUELA DE MAGIA",GH23494,"PREPARACIÃN T.I.M.O",20,S,Diurno,18,8,lunes,14:15,15:35,01/08/24,30/12/24,302,"HOGWARTS - TORRE B",S,55077408,Firenze,0,,JC1
2024-02,hogwarts,"Facultad de Magia y HechicerÃ­a",4010,"ESCUELA DE MAGIA",GH23494,"PREPARACIÃN T.I.M.O",20,S,Diurno,18,8,lunes,15:35,17:05,01/08/24,30/12/24,302,"HOGWARTS - TORRE B",S,55077408,Firenze,0,,JC1
2024-02,hogwarts,"Facultad de Magia y HechicerÃ­a",4010,"ESCUELA DE MAGIA",GH23494,"PREPARACIÃN T.I.M.O",20,S,Diurno,18,8,lunes,17:15,18:35,01/08/24,30/12/24,302,"HOGWARTS - TORRE B",S,55077408,Firenze,0,,JC1
2024-02,hogwarts,"Facultad de Magia y HechicerÃ­a",4010,"ESCUELA DE MAGIA",GH23495,"REUNIÃN MAGICA  II",40,S,Diurno,20,20,martes,08:15,09:35,01/08/24,30/12/24,207,"HOGWARTS - TORRE D",S,55310052,Fleur,Delacour,,JC1
2024-02,hogwarts,"Facultad de Magia y HechicerÃ­a",4010,"ESCUELA DE MAGIA",GH23495,"REUNIÃN MAGICA  II",40,S,Diurno,20,20,martes,09:45,11:05,01/08/24,30/12/24,207,"HOGWARTS - TORRE D",S,55310052,Fleur,Delacour,,JC1
2024-02,hogwarts,"Facultad de Magia y HechicerÃ­a",4010,"ESCUELA DE MAGIA",GH23495,"REUNIÃN MAGICA  II",40,S,Diurno,20,20,martes,11:15,12:35,01/08/24,30/12/24,207,"HOGWARTS - TORRE D",S,55310052,Fleur,Delacour,,JC1
2024-02,hogwarts,"Facultad de Magia y HechicerÃ­a",4010,"ESCUELA DE MAGIA",HP24090,"TALLER DE LIBRO REGLAMENTARIO DE HECHIZOS",10,S,Diurno,20,19,viernes,08:15,09:35,01/08/24,30/12/24,"209 (H)","HOGWARTS - TORRE B",S,55310052,Fleur,Delacour,,JC1
2024-02,hogwarts,"Facultad de Magia y HechicerÃ­a",4010,"ESCUELA DE MAGIA",HP24090,"TALLER DE LIBRO REGLAMENTARIO DE HECHIZOS",10,S,Diurno,20,19,viernes,09:45,11:05,01/08/24,30/12/24,"209 (H)","HOGWARTS - TORRE B",S,55310052,Fleur,Delacour,,JC1
2024-02,hogwarts,"Facultad de Magia y HechicerÃ­a",4010,"ESCUELA DE MAGIA",GH24441,"ESTUDIOS DE DEMONIOS NECROFAGOS  VI",20,S,Vespertino,30,12,jueves,18:50,20:10,01/08/24,30/12/24,410,"HOGWARTS - TORRE B",S,55310052,Fleur,Delacour,,JC1
2024-02,hogwarts,"Facultad de Magia y HechicerÃ­a",4010,"ESCUELA DE MAGIA",GH24441,"ESTUDIOS DE DEMONIOS NECROFAGOS  VI",20,S,Vespertino,30,12,jueves,20:15,21:35,01/08/24,30/12/24,410,"HOGWARTS - TORRE B",S,55310052,Fleur,Delacour,,JC1
2024-02,hogwarts,"Facultad de Magia y HechicerÃ­a",4010,"ESCUELA DE MAGIA",GH13456,"MAGIA POLITICA",30,S,Diurno,60,59,jueves,08:15,09:35,01/08/24,30/12/24,"210 (H)","HOGWARTS - TORRE D",S,61624006,Gregory,Goyle,,INSR
2024-02,hogwarts,"Facultad de Magia y HechicerÃ­a",4010,"ESCUELA DE MAGIA",GH13456,"MAGIA POLITICA",30,S,Diurno,60,59,jueves,09:45,11:05,01/08/24,30/12/24,"210 (H)","HOGWARTS - TORRE D",S,61624006,Gregory,Goyle,,INSR
2024-02,hogwarts,"Facultad de Magia y HechicerÃ­a",4010,"ESCUELA DE MAGIA",GH13456,"MAGIA POLITICA",30,S,Diurno,60,59,jueves,11:15,12:35,01/08/24,30/12/24,"210 (H)","HOGWARTS - TORRE D",S,61624006,Gregory,Goyle,,INSR
2024-02,Beauxbaton,"Ministerio de magia",9010,"PROGRAMA DE pÃ¡rsel",WH23637,"PÃRSEL I",290,S,Diurno,35,35,lunes,11:15,12:35,01/08/24,30/12/24,203,"BEAUXBATON - EDIFICIO A",S,62216545,Hannah,Abbott,,SIN
2024-02,Beauxbaton,"Ministerio de magia",9010,"PROGRAMA DE pÃ¡rsel",WH23637,"PÃRSEL I",290,S,Diurno,35,35,lunes,12:45,14:05,01/08/24,30/12/24,203,"BEAUXBATON - EDIFICIO A",S,62216545,Hannah,Abbott,,SIN
2024-02,Beauxbaton,"Ministerio de magia",9010,"PROGRAMA DE pÃ¡rsel",WH23637,"PÃRSEL I",220,S,Diurno,41,41,lunes,15:45,17:05,01/08/24,30/12/24,204,"BEAUXBATON - EDIFICIO A",S,62216545,Hannah,Abbott,,SIN
2024-02,Beauxbaton,"Ministerio de magia",9010,"PROGRAMA DE pÃ¡rsel",WH23637,"PÃRSEL I",220,S,Diurno,41,41,lunes,17:15,18:35,01/08/24,30/12/24,204,"BEAUXBATON - EDIFICIO A",S,62216545,Hannah,Abbott,,SIN
2024-02,Beauxbaton,"Ministerio de magia",9010,"PROGRAMA DE pÃ¡rsel",WH23637,"PÃRSEL I",260,S,Diurno,49,46,viernes,14:15,15:35,01/08/24,30/12/24,"413 (H)","BEAUXBATON - EDIFICIO B",S,62216545,Hannah,Abbott,,SIN
2024-02,Beauxbaton,"Ministerio de magia",9010,"PROGRAMA DE pÃ¡rsel",WH23637,"PÃRSEL I",260,S,Diurno,49,46,viernes,15:45,17:05,01/08/24,30/12/24,"413 (H)","BEAUXBATON - EDIFICIO B",S,62216545,Hannah,Abbott,,SIN
2024-02,hogwarts,"Facultad de Magia y HechicerÃ­a",6012,"ESCUELA DE HECHICERÃA",WH236022,"ANÃLISIS DE INFORMACIÃN ASTRONOMICA",10,S,Diurno,25,7,jueves,14:15,15:35,01/08/24,30/12/24,410,"HOGWARTS - TORRE B",S,62513980,"Helga ",Hufflepuff,,ATD
2024-02,hogwarts,"Facultad de Magia y HechicerÃ­a",6012,"ESCUELA DE HECHICERÃA",WH236022,"ANÃLISIS DE INFORMACIÃN ASTRONOMICA",10,S,Diurno,25,7,jueves,15:45,17:05,01/08/24,30/12/24,410,"HOGWARTS - TORRE B",S,62513980,"Helga ",Hufflepuff,,ATD
2024-02,hogwarts,"Facultad de Magia y HechicerÃ­a",4010,"ESCUELA DE MAGIA",GH13475,"ESTUDIOS DE DEMONIOS NECROFAGOS  IV",10,S,Vespertino,40,9,jueves,18:50,20:10,01/08/24,30/12/24,315,"HOGWARTS - TORRE B",S,62727229,Hermione,Granger,,ASD
2024-02,hogwarts,"Facultad de Magia y HechicerÃ­a",4010,"ESCUELA DE MAGIA",GH13475,"ESTUDIOS DE DEMONIOS NECROFAGOS  IV",10,S,Vespertino,40,9,jueves,20:15,21:35,01/08/24,30/12/24,315,"HOGWARTS - TORRE B",S,62727229,Hermione,Granger,,ASD
2024-02,hogwarts,"Facultad de Magia y HechicerÃ­a",4010,"ESCUELA DE MAGIA",GH13475,"ESTUDIOS DE DEMONIOS NECROFAGOS  IV",10,S,Vespertino,40,9,jueves,21:40,23:00,01/08/24,30/12/24,315,"HOGWARTS - TORRE B",S,62727229,Hermione,Granger,,ASD
2024-02,hogwarts,"Facultad de Magia y HechicerÃ­a",4010,"ESCUELA DE MAGIA",GH13487,"ESTUDIOS DE DEMONIOS NECROFAGOS  V",10,S,Diurno,60,55,jueves,14:15,15:35,01/08/24,30/12/24,"AULA A (H)","HOGWARTS - ",S,62727229,Hermione,Granger,,ASD
2024-02,hogwarts,"Facultad de Magia y HechicerÃ­a",4010,"ESCUELA DE MAGIA",GH13487,"ESTUDIOS DE DEMONIOS NECROFAGOS  V",10,S,Diurno,60,55,jueves,15:45,17:05,01/08/24,30/12/24,"AULA A (H)","HOGWARTS - ",S,62727229,Hermione,Granger,,ASD
2024-02,hogwarts,"Facultad de Magia y HechicerÃ­a",4010,"ESCUELA DE MAGIA",GH13487,"ESTUDIOS DE DEMONIOS NECROFAGOS  V",10,S,Diurno,60,55,jueves,17:15,18:35,01/08/24,30/12/24,"AULA A (H)","HOGWARTS - ",S,62727229,Hermione,Granger,,ASD
2024-02,hogwarts,"Facultad de Magia y HechicerÃ­a",6012,"ESCUELA DE HECHICERÃA",WH236002,"FUNDAMENTOS MAGICOS",10,S,Diurno,35,33,martes,09:45,11:05,01/08/24,30/12/24,204,"HOGWARTS - TORRE B",S,62988035,Horace,Slughorn,,INSD
2024-02,hogwarts,"Facultad de Magia y HechicerÃ­a",6012,"ESCUELA DE HECHICERÃA",WH236002,"FUNDAMENTOS MAGICOS",10,S,Diurno,35,33,martes,11:15,12:35,01/08/24,30/12/24,204,"HOGWARTS - TORRE B",S,62988035,Horace,Slughorn,,INSD
2024-02,hogwarts,"Ministerio de magia",8020,"Ministerio de magia",PH110086,"TUTORÃAS DE ACOMPAÃAMIENTO MAGICO",25,S,Diurno,29,0,martes,12:45,14:05,01/08/24,31/12/24,"Sala Dementores",AZKABAN,S,63083569,Irman.,Pince,,O
2024-02,Beauxbaton,"Facultad de Magia y HechicerÃ­a",4010,"ESCUELA DE MAGIA",GH13480,"ENCANTAMIENTOS  V",210,S,Diurno,50,49,martes,14:15,15:35,01/08/24,30/12/24,205,"BEAUXBATON - EDIFICIO A",S,65751279,Justin,Finch-Fletchley,,TID
2024-02,Beauxbaton,"Facultad de Magia y HechicerÃ­a",4010,"ESCUELA DE MAGIA",GH13480,"ENCANTAMIENTOS  V",210,S,Diurno,50,49,martes,15:45,17:05,01/08/24,30/12/24,205,"BEAUXBATON - EDIFICIO A",S,65751279,Justin,Finch-Fletchley,,TID
2024-02,Beauxbaton,"Facultad de Magia y HechicerÃ­a",4010,"ESCUELA DE MAGIA",GH13480,"ENCANTAMIENTOS  V",210,S,Diurno,50,49,martes,17:15,18:35,01/08/24,30/12/24,205,"BEAUXBATON - EDIFICIO A",S,65751279,Justin,Finch-Fletchley,,TID
2024-02,hogwarts,"Ministerio de magia",9010,"PROGRAMA DE PÃRCEL",WH23637,"PÃRSEL I",30,S,Diurno,47,47,jueves,11:15,12:35,01/08/24,30/12/24,213,"HOGWARTS - TORRE B",S,67153046,Kingsley,Shacklebolt,,INSD
2024-02,hogwarts,"Ministerio de magia",9010,"PROGRAMA DE PÃRCEL",WH23637,"PÃRSEL I",50,S,Diurno,40,40,jueves,14:15,15:35,01/08/24,30/12/24,202,"HOGWARTS - TORRE D",S,67153046,Kingsley,Shacklebolt,,INSD
2024-02,hogwarts,"Ministerio de magia",9010,"PROGRAMA DE PÃRCEL",WH23637,"PÃRSEL I",50,S,Diurno,40,40,jueves,15:45,17:05,01/08/24,30/12/24,202,"HOGWARTS - TORRE D",S,67153046,Kingsley,Shacklebolt,,INSD
2024-02,hogwarts,"Ministerio de magia",9010,"PROGRAMA DE PÃRCEL",WH23637,"PÃRSEL I",30,S,Diurno,47,47,viernes,11:15,12:35,01/08/24,30/12/24,"210 (H)","HOGWARTS - TORRE D",S,67153046,Kingsley,Shacklebolt,,INSD
2024-02,hogwarts,"Ministerio de magia",9010,"PROGRAMA DE PÃRCEL",WH233410,"PÃRSEL III",30,S,Diurno,39,39,jueves,12:45,14:05,01/08/24,30/12/24,206,"HOGWARTS - TORRE B",S,67153046,Kingsley,Shacklebolt,,INSD
2024-02,hogwarts,"Ministerio de magia",9010,"PROGRAMA DE PÃRCEL",WH233410,"PÃRSEL III",30,S,Diurno,39,39,viernes,12:45,14:05,01/08/24,30/12/24,206,"HOGWARTS - TORRE B",S,67153046,Kingsley,Shacklebolt,,INSD
2024-02,hogwarts,"Facultad de Magia y HechicerÃ­a",4010,"ESCUELA DE MAGIA",GH13463,"ESTUDIOS DE DEMONIOS NECROFAGOS  II",10,S,Diurno,50,21,martes,14:15,15:35,01/08/24,30/12/24,"310 (H)","HOGWARTS - TORRE D",S,72706890,Lucius,Malfoy,,INSD
2024-02,hogwarts,"Facultad de Magia y HechicerÃ­a",4010,"ESCUELA DE MAGIA",GH13463,"ESTUDIOS DE DEMONIOS NECROFAGOS  II",10,S,Diurno,50,21,martes,15:45,17:05,01/08/24,30/12/24,"310 (H)","HOGWARTS - TORRE D",S,72706890,Lucius,Malfoy,,INSD
2024-02,hogwarts,"Facultad de Magia y HechicerÃ­a",4010,"ESCUELA DE MAGIA",GH13463,"ESTUDIOS DE DEMONIOS NECROFAGOS  II",10,S,Diurno,50,21,martes,17:15,18:35,01/08/24,30/12/24,"310 (H)","HOGWARTS - TORRE D",S,72706890,Lucius,Malfoy,,INSD
2024-02,hogwarts,"Facultad de Magia y HechicerÃ­a",4010,"ESCUELA DE MAGIA",GH13459,"TEORIA MAGICA II",50,S,Vespertino,34,31,viernes,18:50,20:10,01/08/24,30/12/24,417,"HOGWARTS - TORRE B",S,73750567,Luna,Lovegood,,ATD
2024-02,hogwarts,"Facultad de Magia y HechicerÃ­a",4010,"ESCUELA DE MAGIA",GH13459,"TEORIA MAGICA II",50,S,Vespertino,34,31,viernes,20:15,21:35,01/08/24,30/12/24,417,"HOGWARTS - TORRE B",S,73750567,Luna,Lovegood,,ATD
2024-02,hogwarts,"Facultad de Magia y HechicerÃ­a",4010,"ESCUELA DE MAGIA",GH13459,"TEORIA MAGICA II",50,S,Vespertino,34,31,viernes,21:40,23:00,01/08/24,30/12/24,417,"HOGWARTS - TORRE B",S,73750567,Luna,Lovegood,,ATD
2024-02,hogwarts,"Facultad de Magia y HechicerÃ­a",4010,"ESCUELA DE MAGIA",GH13459,"TEORIA MAGICA II",20,S,Diurno,75,68,lunes,08:15,09:35,01/08/24,30/12/24,"AULA D (H)","HOGWARTS - ",S,73750567,Luna,Lovegood,,ATD
2024-02,hogwarts,"Facultad de Magia y HechicerÃ­a",4010,"ESCUELA DE MAGIA",GH13459,"TEORIA MAGICA II",20,S,Diurno,75,68,lunes,09:45,11:05,01/08/24,30/12/24,"AULA D (H)","HOGWARTS - ",S,73750567,Luna,Lovegood,,ATD
2024-02,hogwarts,"Facultad de Magia y HechicerÃ­a",4010,"ESCUELA DE MAGIA",GH13459,"TEORIA MAGICA II",20,S,Diurno,75,68,lunes,11:15,12:35,01/08/24,30/12/24,"AULA D (H)","HOGWARTS - ",S,73750567,Luna,Lovegood,,ATD
2024-02,Beauxbaton,"Facultad de Magia y HechicerÃ­a",4010,"ESCUELA DE MAGIA",GH13489,OROCRUX,210,S,Diurno,30,27,jueves,14:15,15:35,01/08/24,30/12/24,310,"BEAUXBATON - EDIFICIO B",S,77937835,Michael,Corner,,PEAS
2024-02,Beauxbaton,"Facultad de Magia y HechicerÃ­a",4010,"ESCUELA DE MAGIA",GH13489,OROCRUX,210,S,Diurno,30,27,jueves,15:45,17:05,01/08/24,30/12/24,310,"BEAUXBATON - EDIFICIO B",S,77937835,Michael,Corner,,PEAS
2024-02,Beauxbaton,"Facultad de Magia y HechicerÃ­a",4010,"ESCUELA DE MAGIA",GH13489,OROCRUX,210,S,Diurno,30,27,jueves,17:15,18:35,01/08/24,30/12/24,310,"BEAUXBATON - EDIFICIO B",S,77937835,Michael,Corner,,PEAS
2024-02,hogwarts,"Facultad de Magia y HechicerÃ­a",4010,"ESCUELA DE MAGIA",GH13468,"ENCANTAMIENTOS  III",10,S,Diurno,50,50,lunes,08:15,09:35,01/08/24,30/12/24,"AULA A (H)","HOGWARTS - ",S,86546445,Oliver,Wood,,JM1
2024-02,hogwarts,"Facultad de Magia y HechicerÃ­a",4010,"ESCUELA DE MAGIA",GH13468,"ENCANTAMIENTOS  III",10,S,Diurno,50,50,lunes,09:45,11:05,01/08/24,30/12/24,"AULA A (H)","HOGWARTS - ",S,86546445,Oliver,Wood,,JM1
2024-02,hogwarts,"Facultad de Magia y HechicerÃ­a",4010,"ESCUELA DE MAGIA",GH13468,"ENCANTAMIENTOS  III",10,S,Diurno,50,50,lunes,11:15,12:35,01/08/24,30/12/24,"AULA A (H)","HOGWARTS - ",S,86546445,Oliver,Wood,,JM1
2024-02,hogwarts,"Facultad de Magia y HechicerÃ­a",4010,"ESCUELA DE MAGIA",GH23495,"REUNIÃN MAGICA  II",10,S,Diurno,25,18,martes,08:15,09:35,01/08/24,30/12/24,203,"HOGWARTS - TORRE D",S,86546445,Oliver,Wood,,JM1
2024-02,hogwarts,"Facultad de Magia y HechicerÃ­a",4010,"ESCUELA DE MAGIA",GH23495,"REUNIÃN MAGICA  II",10,S,Diurno,25,18,martes,09:45,11:05,01/08/24,30/12/24,203,"HOGWARTS - TORRE D",S,86546445,Oliver,Wood,,JM1
2024-02,hogwarts,"Facultad de Magia y HechicerÃ­a",4010,"ESCUELA DE MAGIA",GH23495,"REUNIÃN MAGICA  II",10,S,Diurno,25,18,martes,11:15,12:35,01/08/24,30/12/24,203,"HOGWARTS - TORRE D",S,86546445,Oliver,Wood,,JM1
2024-02,hogwarts,"Facultad de Magia y HechicerÃ­a",4010,"ESCUELA DE MAGIA",GH14444,"FUNDAMENTOS FILOSOFICOS DE LA MAGIA",10,S,Diurno,35,31,viernes,11:15,12:35,01/08/24,30/12/24,211,"HOGWARTS - TORRE B",S,92810368,Percy,Weasley,,INSD
2024-02,hogwarts,"Facultad de Magia y HechicerÃ­a",4010,"ESCUELA DE MAGIA",GH14444,"FUNDAMENTOS FILOSOFICOS DE LA MAGIA",10,S,Diurno,35,31,viernes,12:45,14:05,01/08/24,30/12/24,211,"HOGWARTS - TORRE B",S,92810368,Percy,Weasley,,INSD
2024-02,hogwarts,"Facultad de Magia y HechicerÃ­a",4010,"ESCUELA DE MAGIA",GH13456,"MAGIA POLITICA",50,S,Vespertino,35,33,martes,18:50,20:10,01/08/24,30/12/24,"209 (H)","HOGWARTS - TORRE B",S,94727426,Petunia,Dursley,,ATR
2024-02,hogwarts,"Facultad de Magia y HechicerÃ­a",4010,"ESCUELA DE MAGIA",GH13456,"MAGIA POLITICA",50,S,Vespertino,35,33,martes,20:15,21:35,01/08/24,30/12/24,"209 (H)","HOGWARTS - TORRE B",S,94727426,Petunia,Dursley,,ATR
2024-02,hogwarts,"Facultad de Magia y HechicerÃ­a",4010,"ESCUELA DE MAGIA",GH13456,"MAGIA POLITICA",50,S,Vespertino,35,33,martes,21:40,23:00,01/08/24,30/12/24,"209 (H)","HOGWARTS - TORRE B",S,94727426,Petunia,Dursley,,ATR
2024-02,hogwarts,"Facultad de Magia y HechicerÃ­a",6012,"ESCUELA DE HECHICERÃA",WH13143,"TIMOS TÃ­tulo Indispensable de Magia Ordinaria",20,I,Diurno,15,7,martes,17:15,18:35,01/08/24,30/12/24,202,"HOGWARTS - TORRE B",S,,"Por fijar",,,JC1
2024-02,hogwarts,"Facultad de Magia y HechicerÃ­a",6012,"ESCUELA DE HECHICERÃA",WH13143,"TIMOS TÃ­tulo Indispensable de Magia Ordinaria",20,I,Diurno,15,7,martes,18:50,20:10,01/08/24,30/12/24,202,"HOGWARTS - TORRE B",S,,"Por fijar",,,JC1
2024-02,hogwarts,"Facultad de Magia y HechicerÃ­a",6012,"ESCUELA DE HECHICERÃA",WH13143,"TIMOS TÃ­tulo Indispensable de Magia Ordinaria",40,I,Diurno,15,6,martes,17:15,18:35,01/08/24,30/12/24,401,"HOGWARTS - TORRE B",S,,"Por fijar",,,JC1
2024-02,hogwarts,"Facultad de Magia y HechicerÃ­a",6012,"ESCUELA DE HECHICERÃA",WH13143,"TIMOS TÃ­tulo Indispensable de Magia Ordinaria",40,I,Diurno,15,6,martes,18:50,20:10,01/08/24,30/12/24,401,"HOGWARTS - TORRE B",S,,"Por fijar",,,JC1
2024-02,hogwarts,"Facultad de Magia y HechicerÃ­a",4010,"ESCUELA DE MAGIA",GH13456,"MAGIA POLITICA",10,S,Diurno,70,70,jueves,08:15,09:35,01/08/24,30/12/24,"AULA A (H)","HOGWARTS - ",S,,"Por fijar",,,JC1
2024-02,hogwarts,"Facultad de Magia y HechicerÃ­a",4010,"ESCUELA DE MAGIA",GH13456,"MAGIA POLITICA",10,S,Diurno,70,70,jueves,09:45,11:05,01/08/24,30/12/24,"AULA A (H)","HOGWARTS - ",S,,"Por fijar",,,JC1
2024-02,hogwarts,"Facultad de Magia y HechicerÃ­a",4010,"ESCUELA DE MAGIA",GH13456,"MAGIA POLITICA",10,S,Diurno,70,70,jueves,11:15,12:35,01/08/24,30/12/24,"AULA A (H)","HOGWARTS - ",S,,"Por fijar",,,JC1
2024-02,hogwarts,"Facultad de Magia y HechicerÃ­a",4010,"ESCUELA DE MAGIA",GH13456,"MAGIA POLITICA",40,S,Vespertino,35,35,martes,18:50,20:10,01/08/24,30/12/24,"AULA E","HOGWARTS - ",S,,"Por fijar",,,JC1
2024-02,hogwarts,"Facultad de Magia y HechicerÃ­a",4010,"ESCUELA DE MAGIA",GH13456,"MAGIA POLITICA",40,S,Vespertino,35,35,martes,20:15,21:35,01/08/24,30/12/24,"AULA E","HOGWARTS - ",S,,"Por fijar",,,JC1
2024-02,hogwarts,"Facultad de Magia y HechicerÃ­a",4010,"ESCUELA DE MAGIA",GH13456,"MAGIA POLITICA",40,S,Vespertino,35,35,martes,21:40,23:00,01/08/24,30/12/24,"AULA E","HOGWARTS - ",S,,"Por fijar",,,JC1
2024-02,hogwarts,"Facultad de Magia y HechicerÃ­a",4010,"ESCUELA DE MAGIA",GH13456,"MAGIA POLITICA",20,S,Diurno,70,64,jueves,08:15,09:35,01/08/24,30/12/24,"AULA C (H)","HOGWARTS - ",S,,"Por fijar",,,ATD
2024-02,hogwarts,"Facultad de Magia y HechicerÃ­a",4010,"ESCUELA DE MAGIA",GH13456,"MAGIA POLITICA",20,S,Diurno,70,64,jueves,09:45,11:05,01/08/24,30/12/24,"AULA C (H)","HOGWARTS - ",S,,"Por fijar",,,ATD
2024-02,hogwarts,"Facultad de Magia y HechicerÃ­a",4010,"ESCUELA DE MAGIA",GH13456,"MAGIA POLITICA",20,S,Diurno,70,64,jueves,11:15,12:35,01/08/24,30/12/24,"AULA C (H)","HOGWARTS - ",S,,"Por fijar",,,ATD
2024-02,Beauxbaton,"Facultad de Magia y HechicerÃ­a",4010,"ESCUELA DE MAGIA",GH13456,"MAGIA POLITICA",220,S,Diurno,52,52,jueves,14:15,15:35,01/08/24,30/12/24,"102 (H)","BEAUXBATON - EDIFICIO A",S,,"Por fijar",,,ATR
2024-02,Beauxbaton,"Facultad de Magia y HechicerÃ­a",4010,"ESCUELA DE MAGIA",GH13456,"MAGIA POLITICA",220,S,Diurno,52,52,jueves,15:45,17:05,01/08/24,30/12/24,"102 (H)","BEAUXBATON - EDIFICIO A",S,,"Por fijar",,,ATR
2024-02,Beauxbaton,"Facultad de Magia y HechicerÃ­a",4010,"ESCUELA DE MAGIA",GH13456,"MAGIA POLITICA",220,S,Diurno,52,52,jueves,17:15,18:35,01/08/24,30/12/24,"102 (H)","BEAUXBATON - EDIFICIO A",S,,"Por fijar",,,ATR
2024-02,hogwarts,"Facultad de Magia y HechicerÃ­a",4010,"ESCUELA DE MAGIA",GH13457,"ENCANTAMIENTOS  I",10,S,Diurno,75,75,lunes,14:15,15:35,01/08/24,30/12/24,"AULA A (H)","HOGWARTS - ",S,,"Por fijar",,,JC1
2024-02,hogwarts,"Facultad de Magia y HechicerÃ­a",4010,"ESCUELA DE MAGIA",GH13457,"ENCANTAMIENTOS  I",10,S,Diurno,75,75,lunes,15:45,17:05,01/08/24,30/12/24,"AULA A (H)","HOGWARTS - ",S,,"Por fijar",,,JC1
2024-02,hogwarts,"Facultad de Magia y HechicerÃ­a",4010,"ESCUELA DE MAGIA",GH13457,"ENCANTAMIENTOS  I",10,S,Diurno,75,75,lunes,17:15,18:35,01/08/24,30/12/24,"AULA A (H)","HOGWARTS - ",S,,"Por fijar",,,JC1
2024-02,Beauxbaton,"Facultad de Magia y HechicerÃ­a",4010,"ESCUELA DE MAGIA",GH13457,"ENCANTAMIENTOS  I",210,S,Diurno,55,43,lunes,08:15,09:35,01/08/24,30/12/24,"102 (H)","BEAUXBATON - EDIFICIO A",S,,"Por fijar",,,JC1
2024-02,Beauxbaton,"Facultad de Magia y HechicerÃ­a",4010,"ESCUELA DE MAGIA",GH13457,"ENCANTAMIENTOS  I",210,S,Diurno,55,43,lunes,09:45,11:05,01/08/24,30/12/24,"102 (H)","BEAUXBATON - EDIFICIO A",S,,"Por fijar",,,JC1
2024-02,Beauxbaton,"Facultad de Magia y HechicerÃ­a",4010,"ESCUELA DE MAGIA",GH13457,"ENCANTAMIENTOS  I",210,S,Diurno,55,43,lunes,11:15,12:35,01/08/24,30/12/24,"102 (H)","BEAUXBATON - EDIFICIO A",S,,"Por fijar",,,JC1
2024-02,hogwarts,"Facultad de Magia y HechicerÃ­a",4010,"ESCUELA DE MAGIA",GH13458,"ESTUDIOS DE DEMONIOS NECROFAGOS  I",20,S,Diurno,70,69,martes,14:15,15:35,01/08/24,30/12/24,"AULA B (H)","HOGWARTS - ",S,,"Por fijar",,,JC1
2024-02,hogwarts,"Facultad de Magia y HechicerÃ­a",4010,"ESCUELA DE MAGIA",GH13458,"ESTUDIOS DE DEMONIOS NECROFAGOS  I",20,S,Diurno,70,69,martes,15:45,17:05,01/08/24,30/12/24,"AULA B (H)","HOGWARTS - ",S,,"Por fijar",,,JC1
2024-02,hogwarts,"Facultad de Magia y HechicerÃ­a",4010,"ESCUELA DE MAGIA",GH13458,"ESTUDIOS DE DEMONIOS NECROFAGOS  I",20,S,Diurno,70,69,martes,17:15,18:35,01/08/24,30/12/24,"AULA B (H)","HOGWARTS - ",S,,"Por fijar",,,JC1
2024-02,Beauxbaton,"Facultad de Magia y HechicerÃ­a",4010,"ESCUELA DE MAGIA",GH13459,"TEORIA MAGICA II",210,S,Diurno,50,49,lunes,14:15,15:35,01/08/24,30/12/24,"102 (H)","BEAUXBATON - EDIFICIO A",S,,"Por fijar",,,JC1
2024-02,Beauxbaton,"Facultad de Magia y HechicerÃ­a",4010,"ESCUELA DE MAGIA",GH13459,"TEORIA MAGICA II",210,S,Diurno,50,49,lunes,15:45,17:05,01/08/24,30/12/24,"102 (H)","BEAUXBATON - EDIFICIO A",S,,"Por fijar",,,JC1
2024-02,Beauxbaton,"Facultad de Magia y HechicerÃ­a",4010,"ESCUELA DE MAGIA",GH13459,"TEORIA MAGICA II",210,S,Diurno,50,49,lunes,17:15,18:35,01/08/24,30/12/24,"102 (H)","BEAUXBATON - EDIFICIO A",S,,"Por fijar",,,JC1
2024-02,Beauxbaton,"Facultad de Magia y HechicerÃ­a",4010,"ESCUELA DE MAGIA",GH13462,"ENCANTAMIENTOS  II",210,S,Diurno,40,32,jueves,14:15,15:35,01/08/24,30/12/24,"401 (H)","BEAUXBATON - EDIFICIO B",S,,"Por fijar",,,SIN
2024-02,Beauxbaton,"Facultad de Magia y HechicerÃ­a",4010,"ESCUELA DE MAGIA",GH13462,"ENCANTAMIENTOS  II",210,S,Diurno,40,32,jueves,15:45,17:05,01/08/24,30/12/24,"401 (H)","BEAUXBATON - EDIFICIO B",S,,"Por fijar",,,SIN
2024-02,Beauxbaton,"Facultad de Magia y HechicerÃ­a",4010,"ESCUELA DE MAGIA",GH13462,"ENCANTAMIENTOS  II",210,S,Diurno,40,32,jueves,17:15,18:35,01/08/24,30/12/24,"401 (H)","BEAUXBATON - EDIFICIO B",S,,"Por fijar",,,SIN
2024-02,hogwarts,"Facultad de Magia y HechicerÃ­a",4010,"ESCUELA DE MAGIA",GH13467,"POCIONES I",10,S,Diurno,70,64,jueves,08:15,09:35,01/08/24,30/12/24,"AULA B (H)","HOGWARTS - ",S,,"Por fijar",,,JC1
2024-02,hogwarts,"Facultad de Magia y HechicerÃ­a",4010,"ESCUELA DE MAGIA",GH13467,"POCIONES I",10,S,Diurno,70,64,jueves,09:45,11:05,01/08/24,30/12/24,"AULA B (H)","HOGWARTS - ",S,,"Por fijar",,,JC1
2024-02,hogwarts,"Facultad de Magia y HechicerÃ­a",4010,"ESCUELA DE MAGIA",GH13467,"POCIONES I",10,S,Diurno,70,64,jueves,11:15,12:35,01/08/24,30/12/24,"AULA B (H)","HOGWARTS - ",S,,"Por fijar",,,JC1
2024-02,hogwarts,"Facultad de Magia y HechicerÃ­a",4010,"ESCUELA DE MAGIA",GH13468,"ENCANTAMIENTOS  III",20,S,Diurno,59,57,martes,08:15,09:35,01/08/24,30/12/24,"AULA C (H)","HOGWARTS - ",S,,"Por fijar",,,JC1
2024-02,hogwarts,"Facultad de Magia y HechicerÃ­a",4010,"ESCUELA DE MAGIA",GH13468,"ENCANTAMIENTOS  III",20,S,Diurno,59,57,martes,09:45,11:05,01/08/24,30/12/24,"AULA C (H)","HOGWARTS - ",S,,"Por fijar",,,JC1
2024-02,hogwarts,"Facultad de Magia y HechicerÃ­a",4010,"ESCUELA DE MAGIA",GH13468,"ENCANTAMIENTOS  III",20,S,Diurno,59,57,martes,11:15,12:35,01/08/24,30/12/24,"AULA C (H)","HOGWARTS - ",S,,"Por fijar",,,JC1
2024-02,Beauxbaton,"Facultad de Magia y HechicerÃ­a",4010,"ESCUELA DE MAGIA",GH13468,"ENCANTAMIENTOS  III",220,S,Diurno,25,4,lunes,14:15,15:35,01/08/24,30/12/24,503,"BEAUXBATON - EDIFICIO B",,,,,,
2024-02,Beauxbaton,"Facultad de Magia y HechicerÃ­a",4010,"ESCUELA DE MAGIA",GH13468,"ENCANTAMIENTOS  III",220,S,Diurno,25,4,lunes,15:45,17:05,01/08/24,30/12/24,503,"BEAUXBATON - EDIFICIO B",,,,,,
2024-02,Beauxbaton,"Facultad de Magia y HechicerÃ­a",4010,"ESCUELA DE MAGIA",GH13468,"ENCANTAMIENTOS  III",220,S,Diurno,25,4,lunes,17:15,18:35,01/08/24,30/12/24,503,"BEAUXBATON - EDIFICIO B",,,,,,
2024-02,hogwarts,"Facultad de Magia y HechicerÃ­a",4010,"ESCUELA DE MAGIA",GH13469,"ESTUDIOS DE DEMONIOS NECROFAGOS  III",40,S,Vespertino,30,17,jueves,18:50,20:10,01/08/24,30/12/24,212,"HOGWARTS - TORRE B",S,,"Por fijar",,,JC1
2024-02,hogwarts,"Facultad de Magia y HechicerÃ­a",4010,"ESCUELA DE MAGIA",GH13469,"ESTUDIOS DE DEMONIOS NECROFAGOS  III",40,S,Vespertino,30,17,jueves,20:15,21:35,01/08/24,30/12/24,212,"HOGWARTS - TORRE B",S,,"Por fijar",,,JC1
2024-02,hogwarts,"Facultad de Magia y HechicerÃ­a",4010,"ESCUELA DE MAGIA",GH13469,"ESTUDIOS DE DEMONIOS NECROFAGOS  III",40,S,Vespertino,30,17,jueves,21:40,23:00,01/08/24,30/12/24,212,"HOGWARTS - TORRE B",S,,"Por fijar",,,JC1
2024-02,Beauxbaton,"Facultad de Magia y HechicerÃ­a",4010,"ESCUELA DE MAGIA",GH13469,"ESTUDIOS DE DEMONIOS NECROFAGOS  III",210,S,Diurno,55,53,jueves,08:15,09:35,01/08/24,30/12/24,"AUDITORIO 1 (H) -","BEAUXBATON - EDIFICIO A",S,,"Por fijar",,,JC1
2024-02,Beauxbaton,"Facultad de Magia y HechicerÃ­a",4010,"ESCUELA DE MAGIA",GH13469,"ESTUDIOS DE DEMONIOS NECROFAGOS  III",210,S,Diurno,55,53,jueves,09:45,11:05,01/08/24,30/12/24,"AUDITORIO 1 (H) -","BEAUXBATON - EDIFICIO A",S,,"Por fijar",,,JC1
2024-02,Beauxbaton,"Facultad de Magia y HechicerÃ­a",4010,"ESCUELA DE MAGIA",GH13469,"ESTUDIOS DE DEMONIOS NECROFAGOS  III",210,S,Diurno,55,53,jueves,11:15,12:35,01/08/24,30/12/24,"AUDITORIO 1 (H) -","BEAUXBATON - EDIFICIO A",S,,"Por fijar",,,JC1
2024-02,hogwarts,"Facultad de Magia y HechicerÃ­a",4010,"ESCUELA DE MAGIA",GH13469,"ESTUDIOS DE DEMONIOS NECROFAGOS  III",20,S,Diurno,65,55,martes,14:15,15:35,01/08/24,30/12/24,"AULA A (H)","HOGWARTS - ",S,,"Por fijar",,,JC1
2024-02,hogwarts,"Facultad de Magia y HechicerÃ­a",4010,"ESCUELA DE MAGIA",GH13469,"ESTUDIOS DE DEMONIOS NECROFAGOS  III",20,S,Diurno,65,55,martes,15:45,17:05,01/08/24,30/12/24,"AULA A (H)","HOGWARTS - ",S,,"Por fijar",,,JC1
2024-02,hogwarts,"Facultad de Magia y HechicerÃ­a",4010,"ESCUELA DE MAGIA",GH13469,"ESTUDIOS DE DEMONIOS NECROFAGOS  III",20,S,Diurno,65,55,martes,17:15,18:35,01/08/24,30/12/24,"AULA A (H)","HOGWARTS - ",S,,"Por fijar",,,JC1
2024-02,Beauxbaton,"Facultad de Magia y HechicerÃ­a",4010,"ESCUELA DE MAGIA",GH13470,"ADIVINACION  I",220,S,Diurno,38,20,viernes,14:15,15:35,01/08/24,30/12/24,206,"BEAUXBATON - EDIFICIO A",S,,"Por fijar",,,PEAS
2024-02,Beauxbaton,"Facultad de Magia y HechicerÃ­a",4010,"ESCUELA DE MAGIA",GH13470,"ADIVINACION  I",220,S,Diurno,38,20,viernes,15:45,17:05,01/08/24,30/12/24,206,"BEAUXBATON - EDIFICIO A",S,,"Por fijar",,,PEAS
2024-02,Beauxbaton,"Facultad de Magia y HechicerÃ­a",4010,"ESCUELA DE MAGIA",GH13470,"ADIVINACION  I",220,S,Diurno,38,20,viernes,17:15,18:35,01/08/24,30/12/24,206,"BEAUXBATON - EDIFICIO A",S,,"Por fijar",,,PEAS
2024-02,hogwarts,"Facultad de Magia y HechicerÃ­a",4010,"ESCUELA DE MAGIA",GH13470,"ADIVINACION  I",30,S,Vespertino,49,49,lunes,18:50,20:10,01/08/24,30/12/24,206,"HOGWARTS - TORRE B",S,,"Por fijar",,,PEAS
2024-02,hogwarts,"Facultad de Magia y HechicerÃ­a",4010,"ESCUELA DE MAGIA",GH13470,"ADIVINACION  I",30,S,Vespertino,49,49,lunes,20:15,21:35,01/08/24,30/12/24,206,"HOGWARTS - TORRE B",S,,"Por fijar",,,PEAS
2024-02,hogwarts,"Facultad de Magia y HechicerÃ­a",4010,"ESCUELA DE MAGIA",GH13470,"ADIVINACION  I",30,S,Vespertino,49,49,lunes,21:40,23:00,01/08/24,30/12/24,206,"HOGWARTS - TORRE B",S,,"Por fijar",,,PEAS
2024-02,Beauxbaton,"Facultad de Magia y HechicerÃ­a",4010,"ESCUELA DE MAGIA",GH13470,"ADIVINACION  I",210,S,Diurno,57,55,viernes,08:15,09:35,01/08/24,30/12/24,"102 (H)","BEAUXBATON - EDIFICIO A",S,,"Por fijar",,,JC1
2024-02,Beauxbaton,"Facultad de Magia y HechicerÃ­a",4010,"ESCUELA DE MAGIA",GH13470,"ADIVINACION  I",210,S,Diurno,57,55,viernes,09:45,11:05,01/08/24,30/12/24,"102 (H)","BEAUXBATON - EDIFICIO A",S,,"Por fijar",,,JC1
2024-02,Beauxbaton,"Facultad de Magia y HechicerÃ­a",4010,"ESCUELA DE MAGIA",GH13470,"ADIVINACION  I",210,S,Diurno,57,55,viernes,11:15,12:35,01/08/24,30/12/24,"102 (H)","BEAUXBATON - EDIFICIO A",S,,"Por fijar",,,JC1
2024-02,hogwarts,"Facultad de Magia y HechicerÃ­a",4010,"ESCUELA DE MAGIA",GH13479,"MAGIA BLANCA",20,S,Vespertino,46,44,martes,18:50,20:10,01/08/24,30/12/24,206,"HOGWARTS - TORRE B",S,,"Por fijar",,,ASD
2024-02,hogwarts,"Facultad de Magia y HechicerÃ­a",4010,"ESCUELA DE MAGIA",GH13479,"MAGIA BLANCA",20,S,Vespertino,46,44,martes,20:15,21:35,01/08/24,30/12/24,206,"HOGWARTS - TORRE B",S,,"Por fijar",,,ASD
2024-02,hogwarts,"Facultad de Magia y HechicerÃ­a",4010,"ESCUELA DE MAGIA",GH13479,"MAGIA BLANCA",20,S,Vespertino,46,44,martes,21:40,23:00,01/08/24,30/12/24,206,"HOGWARTS - TORRE B",S,,"Por fijar",,,ASD
2024-02,hogwarts,"Facultad de Magia y HechicerÃ­a",4010,"ESCUELA DE MAGIA",GH13482,"ADIVINACION  III",30,S,Vespertino,43,36,lunes,18:50,20:10,01/08/24,30/12/24,417,"HOGWARTS - TORRE B",S,,"Por fijar",,,TID
2024-02,hogwarts,"Facultad de Magia y HechicerÃ­a",4010,"ESCUELA DE MAGIA",GH13482,"ADIVINACION  III",30,S,Vespertino,43,36,lunes,20:15,21:35,01/08/24,30/12/24,417,"HOGWARTS - TORRE B",S,,"Por fijar",,,TID
2024-02,hogwarts,"Facultad de Magia y HechicerÃ­a",4010,"ESCUELA DE MAGIA",GH13482,"ADIVINACION  III",30,S,Vespertino,43,36,lunes,21:40,23:00,01/08/24,30/12/24,417,"HOGWARTS - TORRE B",S,,"Por fijar",,,TID
2024-02,hogwarts,"Facultad de Magia y HechicerÃ­a",4010,"ESCUELA DE MAGIA",GH13482,"ADIVINACION  III",10,S,Diurno,40,34,lunes,14:15,15:35,01/08/24,30/12/24,"409 (H)","HOGWARTS - TORRE B",S,,"Por fijar",,,JC1
2024-02,hogwarts,"Facultad de Magia y HechicerÃ­a",4010,"ESCUELA DE MAGIA",GH13482,"ADIVINACION  III",10,S,Diurno,40,34,lunes,15:45,17:05,01/08/24,30/12/24,"9 (H)","HOGWARTS - TORRE B",S,,"Por fijar",,,JC1
2024-02,hogwarts,"Facultad de Magia y HechicerÃ­a",4010,"ESCUELA DE MAGIA",GH13482,"ADIVINACION  III",10,S,Diurno,40,34,lunes,17:15,18:35,01/08/24,30/12/24,"9 (H)","HOGWARTS - TORRE B",S,,"Por fijar",,,JC1
2024-02,hogwarts,"Facultad de Magia y HechicerÃ­a",4010,"ESCUELA DE MAGIA",GH13482,"ADIVINACION  III",20,S,Diurno,40,37,lunes,14:15,15:35,01/08/24,30/12/24,411,"HOGWARTS - TORRE B",S,,"Por fijar",,,PEAS
2024-02,hogwarts,"Facultad de Magia y HechicerÃ­a",4010,"ESCUELA DE MAGIA",GH13482,"ADIVINACION  III",20,S,Diurno,40,37,lunes,15:45,17:05,01/08/24,30/12/24,411,"HOGWARTS - TORRE B",S,,"Por fijar",,,PEAS
2024-02,hogwarts,"Facultad de Magia y HechicerÃ­a",4010,"ESCUELA DE MAGIA",GH13482,"ADIVINACION  III",20,S,Diurno,40,37,lunes,17:15,18:35,01/08/24,30/12/24,411,"HOGWARTS - TORRE B",S,,"Por fijar",,,PEAS
2024-02,Beauxbaton,"Facultad de Magia y HechicerÃ­a",4010,"ESCUELA DE MAGIA",GH13482,"ADIVINACION  III",220,S,Diurno,28,23,jueves,15:45,17:05,01/08/24,30/12/24,512,"BEAUXBATON - EDIFICIO B",S,,"Por fijar",,,ATD
2024-02,Beauxbaton,"Facultad de Magia y HechicerÃ­a",4010,"ESCUELA DE MAGIA",GH13482,"ADIVINACION  III",220,S,Diurno,28,23,jueves,17:15,18:35,01/08/24,30/12/24,512,"BEAUXBATON - EDIFICIO B",S,,"Por fijar",,,ATD
2024-02,Beauxbaton,"Facultad de Magia y HechicerÃ­a",4010,"ESCUELA DE MAGIA",GH13482,"ADIVINACION  III",220,S,Diurno,28,23,jueves,18:50,20:10,01/08/24,30/12/24,512,"BEAUXBATON - EDIFICIO B",S,,"Por fijar",,,ATD
2024-02,Beauxbaton,"Facultad de Magia y HechicerÃ­a",4010,"ESCUELA DE MAGIA",GH13482,"ADIVINACION  III",210,S,Diurno,31,29,lunes,08:15,09:35,01/08/24,30/12/24,104,"BEAUXBATON - EDIFICIO A",S,,"Por fijar",,,JC1
2024-02,Beauxbaton,"Facultad de Magia y HechicerÃ­a",4010,"ESCUELA DE MAGIA",GH13482,"ADIVINACION  III",210,S,Diurno,31,29,lunes,09:45,11:05,01/08/24,30/12/24,104,"BEAUXBATON - EDIFICIO A",S,,"Por fijar",,,JC1
2024-02,Beauxbaton,"Facultad de Magia y HechicerÃ­a",4010,"ESCUELA DE MAGIA",GH13482,"ADIVINACION  III",210,S,Diurno,31,29,lunes,11:15,12:35,01/08/24,30/12/24,104,"BEAUXBATON - EDIFICIO A",S,,"Por fijar",,,JC1
2024-02,hogwarts,"Facultad de Magia y HechicerÃ­a",4010,"ESCUELA DE MAGIA",GH13489,OROCRUX,20,S,Vespertino,40,38,lunes,18:50,20:10,01/08/24,30/12/24,412,"HOGWARTS - TORRE B",S,,"Por fijar",,,ASD
2024-02,hogwarts,"Facultad de Magia y HechicerÃ­a",4010,"ESCUELA DE MAGIA",GH13489,OROCRUX,20,S,Vespertino,40,38,lunes,20:15,21:35,01/08/24,30/12/24,412,"HOGWARTS - TORRE B",S,,"Por fijar",,,ASD
2024-02,hogwarts,"Facultad de Magia y HechicerÃ­a",4010,"ESCUELA DE MAGIA",GH13489,OROCRUX,20,S,Vespertino,40,38,lunes,21:40,23:00,01/08/24,30/12/24,412,"HOGWARTS - TORRE B",S,,"Por fijar",,,ASD
2024-02,Beauxbaton,"Facultad de Magia y HechicerÃ­a",4010,"ESCUELA DE MAGIA",GH13489,OROCRUX,220,S,Diurno,27,26,viernes,14:15,15:35,01/08/24,31/12/24,402,"BEAUXBATON - EDIFICIO B",S,,"Por fijar",,,SIN
2024-02,Beauxbaton,"Facultad de Magia y HechicerÃ­a",4010,"ESCUELA DE MAGIA",GH13489,OROCRUX,220,S,Diurno,27,26,viernes,15:45,17:05,01/08/24,31/12/24,402,"BEAUXBATON - EDIFICIO B",S,,"Por fijar",,,SIN
2024-02,Beauxbaton,"Facultad de Magia y HechicerÃ­a",4010,"ESCUELA DE MAGIA",GH13489,OROCRUX,220,S,Diurno,27,26,viernes,17:15,18:35,01/08/24,31/12/24,402,"BEAUXBATON - EDIFICIO B",S,,"Por fijar",,,SIN
2024-02,hogwarts,"Facultad de Magia y HechicerÃ­a",4010,"ESCUELA DE MAGIA",GH13490,XILOMANCIA,10,S,Diurno,56,54,martes,14:15,15:35,01/08/24,30/12/24,"305 (H)","HOGWARTS - ",S,,"Por fijar",,,PP
2024-02,hogwarts,"Facultad de Magia y HechicerÃ­a",4010,"ESCUELA DE MAGIA",GH13490,XILOMANCIA,10,S,Diurno,56,54,martes,15:45,17:05,01/08/24,30/12/24,"305 (H)","HOGWARTS - ",S,,"Por fijar",,,PP
2024-02,hogwarts,"Facultad de Magia y HechicerÃ­a",4010,"ESCUELA DE MAGIA",GH13490,XILOMANCIA,10,S,Diurno,56,54,martes,17:15,18:35,01/08/24,30/12/24,"305 (H)","HOGWARTS - ",S,,"Por fijar",,,PP
2024-02,hogwarts,"Facultad de Magia y HechicerÃ­a",4010,"ESCUELA DE MAGIA",GH13491,"MAGIA DE SOCIEDADES",10,S,Diurno,53,50,martes,08:15,09:35,01/08/24,30/12/24,"AULA D (H)","HOGWARTS - ",S,,"Por fijar",,,JM1
2024-02,hogwarts,"Facultad de Magia y HechicerÃ­a",4010,"ESCUELA DE MAGIA",GH13491,"MAGIA DE SOCIEDADES",10,S,Diurno,53,50,martes,09:45,11:05,01/08/24,30/12/24,"AULA D (H)","HOGWARTS - ",S,,"Por fijar",,,JM1
2024-02,hogwarts,"Facultad de Magia y HechicerÃ­a",4010,"ESCUELA DE MAGIA",GH13491,"MAGIA DE SOCIEDADES",10,S,Diurno,53,50,martes,11:15,12:35,01/08/24,30/12/24,"AULA D (H)","HOGWARTS - ",S,,"Por fijar",,,JM1
2024-02,hogwarts,"Facultad de Magia y HechicerÃ­a",4010,"ESCUELA DE MAGIA",GH13491,"MAGIA DE SOCIEDADES",20,S,Vespertino,50,49,viernes,18:50,20:10,01/08/24,30/12/24,317,"HOGWARTS - TORRE B",S,,"Por fijar",,,ATD
2024-02,hogwarts,"Facultad de Magia y HechicerÃ­a",4010,"ESCUELA DE MAGIA",GH13491,"MAGIA DE SOCIEDADES",20,S,Vespertino,50,49,viernes,20:15,21:35,01/08/24,30/12/24,317,"HOGWARTS - TORRE B",S,,"Por fijar",,,ATD
2024-02,hogwarts,"Facultad de Magia y HechicerÃ­a",4010,"ESCUELA DE MAGIA",GH13491,"MAGIA DE SOCIEDADES",20,S,Vespertino,50,49,viernes,21:40,23:00,01/08/24,30/12/24,317,"HOGWARTS - TORRE B",S,,"Por fijar",,,ATD
2024-02,Beauxbaton,"Facultad de Magia y HechicerÃ­a",4010,"ESCUELA DE MAGIA",GH13491,"MAGIA DE SOCIEDADES",210,S,Diurno,40,34,jueves,08:15,09:35,01/08/24,30/12/24,204,"BEAUXBATON - EDIFICIO A",S,,"Por fijar",,,ATD
2024-02,Beauxbaton,"Facultad de Magia y HechicerÃ­a",4010,"ESCUELA DE MAGIA",GH13491,"MAGIA DE SOCIEDADES",210,S,Diurno,40,34,jueves,09:45,11:05,01/08/24,30/12/24,204,"BEAUXBATON - EDIFICIO A",S,,"Por fijar",,,ATD
2024-02,Beauxbaton,"Facultad de Magia y HechicerÃ­a",4010,"ESCUELA DE MAGIA",GH13491,"MAGIA DE SOCIEDADES",210,S,Diurno,40,34,jueves,11:15,12:35,01/08/24,30/12/24,204,"BEAUXBATON - EDIFICIO A",S,,"Por fijar",,,ATD
2024-02,hogwarts,"Facultad de Magia y HechicerÃ­a",4010,"ESCUELA DE MAGIA",GH13493,"ARTES OSCURAS I",10,S,Diurno,20,7,martes,08:15,09:35,01/08/24,30/12/24,405,"HOGWARTS - TORRE B",S,,"Por fijar",,,INSD
2024-02,hogwarts,"Facultad de Magia y HechicerÃ­a",4010,"ESCUELA DE MAGIA",GH13493,"ARTES OSCURAS I",10,S,Diurno,20,7,martes,09:45,11:05,01/08/24,30/12/24,405,"HOGWARTS - TORRE B",S,,"Por fijar",,,INSD
2024-02,hogwarts,"Facultad de Magia y HechicerÃ­a",4010,"ESCUELA DE MAGIA",GH13493,"ARTES OSCURAS I",10,S,Diurno,20,7,martes,11:15,12:35,01/08/24,30/12/24,405,"HOGWARTS - TORRE B",S,,"Por fijar",,,INSD
2024-02,hogwarts,"Facultad de Magia y HechicerÃ­a",4010,"ESCUELA DE MAGIA",GH23494,"PREPARACIÃN T.I.M.O",40,S,Vespertino,15,13,viernes,18:50,20:10,01/08/24,30/12/24,212,"HOGWARTS - TORRE B",S,,"Por fijar",,,JC1
2024-02,hogwarts,"Facultad de Magia y HechicerÃ­a",4010,"ESCUELA DE MAGIA",GH23494,"PREPARACIÃN T.I.M.O",40,S,Vespertino,15,13,viernes,20:15,21:35,01/08/24,30/12/24,212,"HOGWARTS - TORRE B",S,,"Por fijar",,,JC1
2024-02,hogwarts,"Facultad de Magia y HechicerÃ­a",4010,"ESCUELA DE MAGIA",GH23494,"PREPARACIÃN T.I.M.O",40,S,Vespertino,15,13,viernes,21:40,23:00,01/08/24,30/12/24,212,"HOGWARTS - TORRE B",S,,"Por fijar",,,JC1
2024-02,hogwarts,"Facultad de Magia y HechicerÃ­a",4010,"ESCUELA DE MAGIA",GH23495,"REUNIÃN MAGICA  II",30,S,Diurno,20,13,martes,08:15,09:35,01/08/24,30/12/24,208,"HOGWARTS - TORRE D",S,,"Por fijar",,,JC1
2024-02,hogwarts,"Facultad de Magia y HechicerÃ­a",4010,"ESCUELA DE MAGIA",GH23495,"REUNIÃN MAGICA  II",30,S,Diurno,20,13,martes,09:45,11:05,01/08/24,30/12/24,208,"HOGWARTS - TORRE D",S,,"Por fijar",,,JC1
2024-02,hogwarts,"Facultad de Magia y HechicerÃ­a",4010,"ESCUELA DE MAGIA",GH23495,"REUNIÃN MAGICA  II",30,S,Diurno,20,13,martes,11:15,12:35,01/08/24,30/12/24,208,"HOGWARTS - TORRE D",S,,"Por fijar",,,JC1
2024-02,hogwarts,"Facultad de Magia y HechicerÃ­a",4010,"ESCUELA DE MAGIA",GH23495,"REUNIÃN MAGICA  II",20,S,Diurno,20,3,martes,08:15,09:35,01/08/24,30/12/24,206,"HOGWARTS - TORRE D",S,,"Por fijar",,,JC1
2024-02,hogwarts,"Facultad de Magia y HechicerÃ­a",4010,"ESCUELA DE MAGIA",GH23495,"REUNIÃN MAGICA  II",20,S,Diurno,20,3,martes,09:45,11:05,01/08/24,30/12/24,206,"HOGWARTS - TORRE D",S,,"Por fijar",,,JC1
2024-02,hogwarts,"Facultad de Magia y HechicerÃ­a",4010,"ESCUELA DE MAGIA",GH23495,"REUNIÃN MAGICA  II",20,S,Diurno,20,3,martes,11:15,12:35,01/08/24,30/12/24,206,"HOGWARTS - TORRE D",S,,"Por fijar",,,JC1
2024-02,Beauxbaton,"Facultad de Magia y HechicerÃ­a",4010,"ESCUELA DE MAGIA",GH23495,"REUNIÃN MAGICA  II",210,S,Diurno,30,30,viernes,14:15,15:35,01/08/24,30/12/24,205,"BEAUXBATON - EDIFICIO A",S,,"Por fijar",,,INSD
2024-02,Beauxbaton,"Facultad de Magia y HechicerÃ­a",4010,"ESCUELA DE MAGIA",GH23495,"REUNIÃN MAGICA  II",210,S,Diurno,30,30,viernes,15:45,17:05,01/08/24,30/12/24,205,"BEAUXBATON - EDIFICIO A",S,,"Por fijar",,,INSD
2024-02,Beauxbaton,"Facultad de Magia y HechicerÃ­a",4010,"ESCUELA DE MAGIA",GH23495,"REUNIÃN MAGICA  II",210,S,Diurno,30,30,viernes,17:15,18:35,01/08/24,30/12/24,205,"BEAUXBATON - EDIFICIO A",S,,"Por fijar",,,INSD
2024-02,hogwarts,"Facultad de Magia y HechicerÃ­a",4010,"ESCUELA DE MAGIA",GH23495,"REUNIÃN MAGICA  II",60,S,Vespertino,16,7,martes,18:50,20:10,01/08/24,30/12/24,203,"HOGWARTS - TORRE B",S,,"Por fijar",,,JC1
2024-02,hogwarts,"Facultad de Magia y HechicerÃ­a",4010,"ESCUELA DE MAGIA",GH23495,"REUNIÃN MAGICA  II",60,S,Vespertino,16,7,martes,20:15,21:35,01/08/24,30/12/24,203,"HOGWARTS - TORRE B",S,,"Por fijar",,,JC1
2024-02,hogwarts,"Facultad de Magia y HechicerÃ­a",4010,"ESCUELA DE MAGIA",GH23495,"REUNIÃN MAGICA  II",60,S,Vespertino,16,7,martes,21:40,23:00,01/08/24,30/12/24,203,"HOGWARTS - TORRE B",S,,"Por fijar",,,JC1
2024-02,hogwarts,"Facultad de Magia y HechicerÃ­a",4010,"ESCUELA DE MAGIA",GH23495,"REUNIÃN MAGICA  II",50,S,Vespertino,15,5,martes,18:50,20:10,01/08/24,30/12/24,205,"HOGWARTS - TORRE B",S,,"Por fijar",,,ATD
2024-02,hogwarts,"Facultad de Magia y HechicerÃ­a",4010,"ESCUELA DE MAGIA",GH23495,"REUNIÃN MAGICA  II",50,S,Vespertino,15,5,martes,20:15,21:35,01/08/24,30/12/24,205,"HOGWARTS - TORRE B",S,,"Por fijar",,,ATD
2024-02,hogwarts,"Facultad de Magia y HechicerÃ­a",4010,"ESCUELA DE MAGIA",GH23495,"REUNIÃN MAGICA  II",50,S,Vespertino,15,5,martes,21:40,23:00,01/08/24,30/12/24,205,"HOGWARTS - TORRE B",S,,"Por fijar",,,ATD
2024-02,hogwarts,"Facultad de Magia y HechicerÃ­a",4010,"ESCUELA DE MAGIA",GH13509,"ARTES OSCURAS II",60,S,Vespertino,15,10,jueves,18:50,20:10,01/08/24,30/12/24,404,"HOGWARTS - TORRE B",S,,"Por fijar",,,ATD
2024-02,hogwarts,"Facultad de Magia y HechicerÃ­a",4010,"ESCUELA DE MAGIA",GH13509,"ARTES OSCURAS II",60,S,Vespertino,15,10,jueves,20:15,21:35,01/08/24,30/12/24,404,"HOGWARTS - TORRE B",S,,"Por fijar",,,ATD
2024-02,hogwarts,"Facultad de Magia y HechicerÃ­a",4010,"ESCUELA DE MAGIA",GH13509,"ARTES OSCURAS II",60,S,Vespertino,15,10,jueves,21:40,23:00,01/08/24,30/12/24,404,"HOGWARTS - TORRE B",S,,"Por fijar",,,ATD
2024-02,Beauxbaton,"Facultad de Magia y HechicerÃ­a",4010,"ESCUELA DE MAGIA",GH13509,"ARTES OSCURAS II",220,S,Diurno,25,19,lunes,14:15,15:35,01/08/24,30/12/24,404,"BEAUXBATON - EDIFICIO B",S,,"Por fijar",,,JC1
2024-02,Beauxbaton,"Facultad de Magia y HechicerÃ­a",4010,"ESCUELA DE MAGIA",GH13509,"ARTES OSCURAS II",220,S,Diurno,25,19,lunes,15:45,17:05,01/08/24,30/12/24,404,"BEAUXBATON - EDIFICIO B",S,,"Por fijar",,,JC1
2024-02,Beauxbaton,"Facultad de Magia y HechicerÃ­a",4010,"ESCUELA DE MAGIA",GH13509,"ARTES OSCURAS II",220,S,Diurno,25,19,lunes,17:15,18:35,01/08/24,30/12/24,404,"BEAUXBATON - EDIFICIO B",S,,"Por fijar",,,JC1
2024-02,hogwarts,"Ministerio de magia",9010,"PROGRAMA DE PÃRCEL",WH23637,"PÃRSEL I",130,S,Diurno,46,46,jueves,14:15,15:35,01/08/24,31/12/24,"308 (H)","HOGWARTS - ",S,,"Por fijar",,,ATD
2024-02,hogwarts,"Ministerio de magia",9010,"PROGRAMA DE PÃRCEL",WH23637,"PÃRSEL I",130,S,Diurno,46,46,jueves,15:45,17:05,01/08/24,31/12/24,"308 (H)","HOGWARTS - ",S,,"Por fijar",,,ATD
2024-02,hogwarts,"Ministerio de magia",9010,"PROGRAMA DE PÃRCEL",WH23637,"PÃRSEL I",10,S,Diurno,51,51,martes,11:15,12:35,01/08/24,30/12/24,"201 (EX 22)","HOGWARTS - ",S,,"Por fijar",,,SIN
2024-02,hogwarts,"Ministerio de magia",9010,"PROGRAMA DE PÃRCEL",WH23637,"PÃRSEL I",90,S,Diurno,45,45,jueves,09:45,11:05,01/08/24,30/12/24,213,"HOGWARTS - TORRE B",S,,"Por fijar",,,SIN
2024-02,hogwarts,"Ministerio de magia",9010,"PROGRAMA DE PÃRCEL",WH23637,"PÃRSEL I",90,S,Diurno,45,45,martes,09:45,11:05,01/08/24,30/12/24,318,"HOGWARTS - TORRE B",S,,"Por fijar",,,SIN
2024-02,hogwarts,"Ministerio de magia",9010,"PROGRAMA DE PÃRCEL",WH23637,"PÃRSEL I",10,S,Diurno,51,51,lunes,11:15,12:35,01/08/24,30/12/24,201,"HOGWARTS - TORRE D",S,,"Por fijar",,,SIN
2024-02,hogwarts,"Ministerio de magia",9010,"PROGRAMA DE PÃRCEL",WH23637,"PÃRSEL I",20,S,Diurno,50,50,lunes,11:15,12:35,01/08/24,30/12/24,204,"HOGWARTS - TORRE D",S,,"Por fijar",,,SIN
2024-02,hogwarts,"Ministerio de magia",9010,"PROGRAMA DE PÃRCEL",WH23637,"PÃRSEL I",20,S,Diurno,50,50,martes,11:15,12:35,01/08/24,30/12/24,204,"HOGWARTS - TORRE D",S,,"Por fijar",,,SIN
2024-02,hogwarts,"Ministerio de magia",9010,"PROGRAMA DE PÃRCEL",WH23637,"PÃRSEL I",80,S,Diurno,38,35,jueves,08:15,09:35,01/08/24,30/12/24,309,"HOGWARTS - TORRE B",S,,"Por fijar",,,ATD
2024-02,hogwarts,"Ministerio de magia",9010,"PROGRAMA DE PÃRCEL",WH23637,"PÃRSEL I",80,S,Diurno,38,35,viernes,08:15,09:35,01/08/24,30/12/24,309,"HOGWARTS - TORRE B",S,,"Por fijar",,,ATD
2024-02,hogwarts,"Ministerio de magia",9010,"PROGRAMA DE PÃRCEL",WH23637,"PÃRSEL I",100,S,Diurno,45,35,martes,09:45,11:05,01/08/24,30/12/24,314,"HOGWARTS - TORRE B",S,,"Por fijar",,,ATD
2024-02,hogwarts,"Ministerio de magia",9010,"PROGRAMA DE PÃRCEL",WH23637,"PÃRSEL I",100,S,Diurno,45,35,jueves,09:45,11:05,01/08/24,30/12/24,314,"HOGWARTS - TORRE B",S,,"Por fijar",,,ATD
2024-02,hogwarts,"Ministerio de magia",9010,"PROGRAMA DE PÃRCEL",WH23637,"PÃRSEL I",40,S,Diurno,46,46,jueves,11:15,12:35,01/08/24,30/12/24,301,"HOGWARTS - TORRE D",S,,"Por fijar",,,ATD
2024-02,hogwarts,"Ministerio de magia",9010,"PROGRAMA DE PÃRCEL",WH23637,"PÃRSEL I",40,S,Diurno,46,46,viernes,11:15,12:35,01/08/24,30/12/24,301,"HOGWARTS - TORRE D",S,,"Por fijar",,,ATD
2024-02,hogwarts,"Ministerio de magia",9010,"PROGRAMA DE PÃRCEL",WH23639,"PÃRSEL II",60,S,Vespertino,45,42,lunes,11:15,12:35,01/08/24,30/12/24,"308 (H)","HOGWARTS - ",S,,"Por fijar",,,ATD
2024-02,hogwarts,"Ministerio de magia",9010,"PROGRAMA DE PÃRCEL",WH23639,"PÃRSEL II",40,S,Diurno,40,30,jueves,14:15,15:35,01/08/24,30/12/24,206,"HOGWARTS - TORRE B",S,,"Por fijar",,,SIN
2024-02,hogwarts,"Ministerio de magia",9010,"PROGRAMA DE PÃRCEL",WH23639,"PÃRSEL II",40,S,Diurno,40,30,jueves,15:45,17:05,01/08/24,30/12/24,206,"HOGWARTS - TORRE B",S,,"Por fijar",,,SIN
2024-02,hogwarts,"Ministerio de magia",9010,"PROGRAMA DE PÃRCEL",WH23639,"PÃRSEL II",90,S,Diurno,23,23,jueves,15:45,17:05,01/08/24,31/12/24,"408 (H)","HOGWARTS - TORRE D",S,,"Por fijar",,,ATD
2024-02,hogwarts,"Ministerio de magia",9010,"PROGRAMA DE PÃRCEL",WH23639,"PÃRSEL II",90,S,Diurno,23,23,viernes,14:15,15:35,01/08/24,31/12/24,"408 (H)","HOGWARTS - TORRE D",S,,"Por fijar",,,ATD
2024-02,hogwarts,"Ministerio de magia",9010,"PROGRAMA DE PÃRCEL",WH23639,"PÃRSEL II",80,S,Diurno,44,44,martes,14:15,15:35,01/08/24,30/12/24,410,"HOGWARTS - TORRE B",S,,"Por fijar",,,JM1
2024-02,hogwarts,"Ministerio de magia",9010,"PROGRAMA DE PÃRCEL",WH23639,"PÃRSEL II",80,S,Diurno,44,44,martes,15:45,17:05,01/08/24,30/12/24,410,"HOGWARTS - TORRE B",S,,"Por fijar",,,JM1
2024-02,Beauxbaton,"Ministerio de magia",9010,"PROGRAMA DE pÃ¡rsel",WH23639,"PÃRSEL II",230,S,Diurno,37,28,lunes,08:15,09:35,01/08/24,30/12/24,203,"BEAUXBATON - EDIFICIO A",S,,"Por fijar",,,SIN
2024-02,Beauxbaton,"Ministerio de magia",9010,"PROGRAMA DE pÃ¡rsel",WH23639,"PÃRSEL II",230,S,Diurno,37,28,lunes,09:45,11:05,01/08/24,30/12/24,203,"BEAUXBATON - EDIFICIO A",S,,"Por fijar",,,SIN
2024-02,Beauxbaton,"Ministerio de magia",9010,"PROGRAMA DE pÃ¡rsel",WH23639,"PÃRSEL II",210,S,Diurno,40,32,viernes,17:15,18:35,01/08/24,30/12/24,512,"BEAUXBATON - EDIFICIO B",S,,"Por fijar",,,SIN
2024-02,Beauxbaton,"Ministerio de magia",9010,"PROGRAMA DE pÃ¡rsel",WH23639,"PÃRSEL II",210,S,Diurno,40,32,martes,17:15,18:35,01/08/24,30/12/24,"413 (H)","BEAUXBATON - EDIFICIO B",S,,"Por fijar",,,SIN
2024-02,hogwarts,"Facultad de Magia y HechicerÃ­a",4010,"ESCUELA DE MAGIA",HW13977,"TALLER DE CASTELLANO",20,S,Diurno,42,41,viernes,11:15,12:35,01/08/24,30/12/24,414,"HOGWARTS - TORRE B",S,,"Por fijar",,,JC1
2024-02,hogwarts,"Facultad de Magia y HechicerÃ­a",4010,"ESCUELA DE MAGIA",HW13977,"TALLER DE CASTELLANO",20,S,Diurno,42,41,viernes,12:45,14:05,01/08/24,30/12/24,414,"HOGWARTS - TORRE B",S,,"Por fijar",,,JC1
2024-02,hogwarts,"Facultad de Magia y HechicerÃ­a",4010,"ESCUELA DE MAGIA",HP14091,"TALLER DE COMPORTAMIENTO ETICO Y SOCIAL DEL MAGO",30,S,Vespertino,36,36,lunes,18:50,20:10,01/08/24,30/12/24,212,"HOGWARTS - TORRE B",S,,"Por fijar",,,JC1
2024-02,hogwarts,"Facultad de Magia y HechicerÃ­a",4010,"ESCUELA DE MAGIA",HP14091,"TALLER DE COMPORTAMIENTO ETICO Y SOCIAL DEL MAGO",30,S,Vespertino,36,36,lunes,20:15,21:35,01/08/24,30/12/24,212,"HOGWARTS - TORRE B",S,,"Por fijar",,,JC1
2024-02,hogwarts,"Facultad de Magia y HechicerÃ­a",4010,"ESCUELA DE MAGIA",HP14091,"TALLER DE COMPORTAMIENTO ETICO Y SOCIAL DEL MAGO",10,S,Diurno,47,47,viernes,08:15,09:35,01/08/24,30/12/24,210,"HOGWARTS - TORRE D",S,,"Por fijar",,,JC1
2024-02,hogwarts,"Facultad de Magia y HechicerÃ­a",4010,"ESCUELA DE MAGIA",HP14091,"TALLER DE COMPORTAMIENTO ETICO Y SOCIAL DEL MAGO",10,S,Diurno,47,47,viernes,09:45,11:05,01/08/24,30/12/24,210,"HOGWARTS - TORRE D",S,,"Por fijar",,,JC1
2024-02,Beauxbaton,"Facultad de Magia y HechicerÃ­a",4010,"ESCUELA DE MAGIA",GH24440,"INTRODUCCION AL LOS ENCANTAMIENTOS ",210,S,Diurno,55,40,lunes,14:15,15:35,01/08/24,30/12/24,"AUDITORIO 2","BEAUXBATON - EDIFICIO A",S,,"Por fijar",,,INSD
2024-02,Beauxbaton,"Facultad de Magia y HechicerÃ­a",4010,"ESCUELA DE MAGIA",GH24440,"INTRODUCCION AL LOS ENCANTAMIENTOS ",210,S,Diurno,55,40,lunes,15:45,17:05,01/08/24,30/12/24,"AUDITORIO 2","BEAUXBATON - EDIFICIO A",S,,"Por fijar",,,INSD
2024-02,Beauxbaton,"Facultad de Magia y HechicerÃ­a",4010,"ESCUELA DE MAGIA",GH24440,"INTRODUCCION AL LOS ENCANTAMIENTOS ",210,S,Diurno,55,40,lunes,17:15,18:35,01/08/24,30/12/24,"AUDITORIO 2","BEAUXBATON - EDIFICIO A",S,,"Por fijar",,,INSD
2024-02,hogwarts,"Facultad de Magia y HechicerÃ­a",4010,"ESCUELA DE MAGIA",GH24441,"ESTUDIOS DE DEMONIOS NECROFAGOS  VI",10,S,Diurno,40,22,jueves,14:15,15:35,01/08/24,30/12/24,"AULA F","HOGWARTS - ",S,,"Por fijar",,,JC1
2024-02,hogwarts,"Facultad de Magia y HechicerÃ­a",4010,"ESCUELA DE MAGIA",GH24441,"ESTUDIOS DE DEMONIOS NECROFAGOS  VI",10,S,Diurno,40,22,jueves,15:45,17:05,01/08/24,30/12/24,"AULA F","HOGWARTS - ",S,,"Por fijar",,,JC1
2024-02,hogwarts,"Facultad de Magia y HechicerÃ­a",4010,"ESCUELA DE MAGIA",GH14444,"FUNDAMENTOS FILOSOFICOS DE LA MAGIA",40,S,Vespertino,15,6,lunes,18:50,20:10,01/08/24,30/12/24,211,"HOGWARTS - TORRE B",S,,"Por fijar",,,JC1
2024-02,hogwarts,"Facultad de Magia y HechicerÃ­a",4010,"ESCUELA DE MAGIA",GH14444,"FUNDAMENTOS FILOSOFICOS DE LA MAGIA",40,S,Vespertino,15,6,lunes,20:15,21:35,01/08/24,30/12/24,211,"HOGWARTS - TORRE B",S,,"Por fijar",,,JC1
2024-02,hogwarts,"Facultad de Magia y HechicerÃ­a",4010,"ESCUELA DE MAGIA",GH14444,"FUNDAMENTOS FILOSOFICOS DE LA MAGIA",30,S,Vespertino,21,17,lunes,18:50,20:10,01/08/24,30/12/24,413,"HOGWARTS - TORRE B",S,,"Por fijar",,,ASR
2024-02,hogwarts,"Facultad de Magia y HechicerÃ­a",4010,"ESCUELA DE MAGIA",GH14444,"FUNDAMENTOS FILOSOFICOS DE LA MAGIA",30,S,Vespertino,21,17,lunes,20:15,21:35,01/08/24,30/12/24,413,"HOGWARTS - TORRE B",S,,"Por fijar",,,ASR
2024-02,Beauxbaton,"Facultad de Magia y HechicerÃ­a",4010,"ESCUELA DE MAGIA",GH14444,"FUNDAMENTOS FILOSOFICOS DE LA MAGIA",210,S,Diurno,43,42,jueves,14:15,15:35,01/08/24,30/12/24,"513 (H)","BEAUXBATON - EDIFICIO B",S,,"Por fijar",,,SIN
2024-02,Beauxbaton,"Facultad de Magia y HechicerÃ­a",4010,"ESCUELA DE MAGIA",GH14444,"FUNDAMENTOS FILOSOFICOS DE LA MAGIA",210,S,Diurno,43,42,jueves,15:45,17:05,01/08/24,30/12/24,"513 (H)","BEAUXBATON - EDIFICIO B",S,,"Por fijar",,,SIN
2024-02,Beauxbaton,"Facultad de Magia y HechicerÃ­a",4010,"ESCUELA DE MAGIA",GH14444,"FUNDAMENTOS FILOSOFICOS DE LA MAGIA",220,S,Diurno,20,6,viernes,11:15,12:35,01/08/24,30/12/24,202,"BEAUXBATON - EDIFICIO A",,,,,,
2024-02,Beauxbaton,"Facultad de Magia y HechicerÃ­a",4010,"ESCUELA DE MAGIA",GH14444,"FUNDAMENTOS FILOSOFICOS DE LA MAGIA",220,S,Diurno,20,6,viernes,12:45,14:05,01/08/24,30/12/24,202,"BEAUXBATON - EDIFICIO A",,,,,,
2024-02,hogwarts,"Ministerio de magia",8020,"Ministerio de magia",PH110059,"CTI: COMPETENCIAS DE LIDERAZGO MAGICO",50,S,Diurno,37,37,jueves,14:15,15:35,01/08/24,31/12/24,210,"HOGWARTS - TORRE B",S,,"Por fijar",,,SIN
2024-02,hogwarts,"Ministerio de magia",8020,"Ministerio de magia",PH110059,"CTI: COMPETENCIAS DE LIDERAZGO MAGICO",20,S,Diurno,41,41,lunes,15:45,17:05,01/08/24,30/12/24,211,"HOGWARTS - TORRE B",S,,"Por fijar",,,SIN
2024-02,hogwarts,"Ministerio de magia",8020,"Ministerio de magia",PH110059,"CTI: COMPETENCIAS DE LIDERAZGO MAGICO",10,S,Diurno,42,42,lunes,14:15,15:35,01/08/24,30/12/24,204,"HOGWARTS - TORRE B",S,,"Por fijar",,,SIN
2024-02,hogwarts,"Ministerio de magia",8020,"Ministerio de magia",PH110086,"TUTORÃAS DE ACOMPAÃAMIENTO MAGICO",85,S,Diurno,20,0,martes,14:15,15:35,01/08/24,31/12/24,65,"HOGWARTS - TORRE  II",S,,"Por fijar",,,O
2024-02,hogwarts,"Ministerio de magia",8020,"Ministerio de magia",PH110086,"TUTORÃAS DE ACOMPAÃAMIENTO MAGICO",5,S,Diurno,11,0,jueves,11:15,12:35,01/08/24,31/12/24,63,"HOGWARTS - TORRE  II",S,,"Por fijar",,,O
2024-02,hogwarts,"Facultad de Magia y HechicerÃ­a",6012,"ESCUELA DE HECHICERÃA",WH233404,"ANTROPOLOGÃA MUGGLE",20,S,Diurno,35,30,viernes,14:15,15:35,01/08/24,30/12/24,412,"HOGWARTS - TORRE B",S,,"Por fijar",,,ASD
2024-02,hogwarts,"Facultad de Magia y HechicerÃ­a",6012,"ESCUELA DE HECHICERÃA",WH233404,"ANTROPOLOGÃA MUGGLE",20,S,Diurno,35,30,viernes,15:45,17:05,01/08/24,30/12/24,412,"HOGWARTS - TORRE B",S,,"Por fijar",,,ASD
2024-02,hogwarts,"Facultad de Magia y HechicerÃ­a",6012,"ESCUELA DE HECHICERÃA",WH233404,"ANTROPOLOGÃA MUGGLE",10,S,Diurno,35,35,lunes,09:45,11:05,01/08/24,30/12/24,203,"HOGWARTS - TORRE D",S,,"Por fijar",,,ASD
2024-02,hogwarts,"Facultad de Magia y HechicerÃ­a",6012,"ESCUELA DE HECHICERÃA",WH233404,"ANTROPOLOGÃA MUGGLE",10,S,Diurno,35,35,lunes,11:15,12:35,01/08/24,30/12/24,203,"HOGWARTS - TORRE D",S,,"Por fijar",,,ASD
2024-02,Beauxbaton,"Facultad de Magia y HechicerÃ­a",6012,"ESCUELA DE HechicerÃ­a",WH233404,"ANTROPOLOGÃA MUGGLE",210,S,Diurno,35,29,lunes,08:15,09:35,01/08/24,30/12/24,"507 (H)","BEAUXBATON - EDIFICIO B",S,,"Por fijar",,,INSD
2024-02,Beauxbaton,"Facultad de Magia y HechicerÃ­a",6012,"ESCUELA DE HechicerÃ­a",WH233404,"ANTROPOLOGÃA MUGGLE",210,S,Diurno,35,29,lunes,09:45,11:05,01/08/24,30/12/24,"507 (H)","BEAUXBATON - EDIFICIO B",S,,"Por fijar",,,INSD
2024-02,Beauxbaton,"Facultad de Magia y HechicerÃ­a",6012,"ESCUELA DE HechicerÃ­a",WH233405,"examen de Pociones",210,S,Diurno,30,25,martes,08:15,09:35,01/08/24,30/12/24,"408 (H)","BEAUXBATON - EDIFICIO B",S,,"Por fijar",,,JC1
2024-02,Beauxbaton,"Facultad de Magia y HechicerÃ­a",6012,"ESCUELA DE HechicerÃ­a",WH233405,"examen de Pociones",210,S,Diurno,30,25,martes,09:45,11:05,01/08/24,30/12/24,"408 (H)","BEAUXBATON - EDIFICIO B",S,,"Por fijar",,,JC1
2024-02,hogwarts,"Facultad de Magia y HechicerÃ­a",6012,"ESCUELA DE HECHICERÃA",WH233405,"examen de Pociones",10,S,Diurno,35,34,jueves,09:45,11:05,01/08/24,30/12/24,"209 (H)","HOGWARTS - TORRE B",S,,"Por fijar",,,JC1
2024-02,hogwarts,"Facultad de Magia y HechicerÃ­a",6012,"ESCUELA DE HECHICERÃA",WH233405,"examen de Pociones",10,S,Diurno,35,34,jueves,11:15,12:35,01/08/24,30/12/24,"209 (H)","HOGWARTS - TORRE B",S,,"Por fijar",,,JC1
2024-02,hogwarts,"Ministerio de magia",9010,"PROGRAMA DE PÃRCEL",WH233410,"PÃRSEL III",40,S,Diurno,37,35,jueves,12:45,14:05,01/08/24,30/12/24,316,"HOGWARTS - TORRE B",S,,"Por fijar",,,SIN
2024-02,hogwarts,"Ministerio de magia",9010,"PROGRAMA DE PÃRCEL",WH233410,"PÃRSEL III",40,S,Diurno,37,35,viernes,12:45,14:05,01/08/24,30/12/24,316,"HOGWARTS - TORRE B",S,,"Por fijar",,,SIN
2024-02,hogwarts,"Ministerio de magia",9010,"PROGRAMA DE PÃRCEL",WH233410,"PÃRSEL III",50,S,Diurno,45,29,lunes,14:15,15:35,01/08/24,30/12/24,415,"HOGWARTS - TORRE B",S,,"Por fijar",,,ATD
2024-02,hogwarts,"Ministerio de magia",9010,"PROGRAMA DE PÃRCEL",WH233410,"PÃRSEL III",50,S,Diurno,45,29,lunes,15:45,17:05,01/08/24,30/12/24,415,"HOGWARTS - TORRE B",S,,"Por fijar",,,ATD
2024-02,hogwarts,"Ministerio de magia",9010,"PROGRAMA DE PÃRCEL",WH233410,"PÃRSEL III",10,S,Diurno,42,42,lunes,12:45,14:05,01/08/24,30/12/24,204,"HOGWARTS - TORRE D",S,,"Por fijar",,,SIN
2024-02,hogwarts,"Ministerio de magia",9010,"PROGRAMA DE PÃRCEL",WH233410,"PÃRSEL III",10,S,Diurno,42,42,martes,12:45,14:05,01/08/24,30/12/24,204,"HOGWARTS - TORRE D",S,,"Por fijar",,,SIN
2024-02,hogwarts,"Ministerio de magia",9010,"PROGRAMA DE PÃRCEL",WH233410,"PÃRSEL III",20,S,Diurno,42,42,lunes,12:45,14:05,01/08/24,30/12/24,"308 (H)","HOGWARTS - ",S,,"Por fijar",,,ATD
2024-02,hogwarts,"Ministerio de magia",9010,"PROGRAMA DE PÃRCEL",WH233410,"PÃRSEL III",20,S,Diurno,42,42,martes,12:45,14:05,01/08/24,30/12/24,"308 (H)","HOGWARTS - ",S,,"Por fijar",,,ATD
2024-02,Beauxbaton,"Ministerio de magia",9010,"PROGRAMA DE pÃ¡rsel",WH233410,"PÃRSEL III",220,S,Diurno,46,46,martes,11:15,12:35,01/08/24,30/12/24,301,"BEAUXBATON - EDIFICIO B",S,,"Por fijar",,,SIN
2024-02,Beauxbaton,"Ministerio de magia",9010,"PROGRAMA DE pÃ¡rsel",WH233410,"PÃRSEL III",220,S,Diurno,46,46,martes,12:45,14:05,01/08/24,30/12/24,301,"BEAUXBATON - EDIFICIO B",S,,"Por fijar",,,SIN
2024-02,Beauxbaton,"Facultad de Magia y HechicerÃ­a",6012,"ESCUELA DE HechicerÃ­a",WH236002,"FUNDAMENTOS MAGICOS",210,S,Diurno,30,25,martes,11:15,12:35,01/08/24,30/12/24,"408 (H)","BEAUXBATON - EDIFICIO B",S,,"Por fijar",,,INSD
2024-02,Beauxbaton,"Facultad de Magia y HechicerÃ­a",6012,"ESCUELA DE HechicerÃ­a",WH236002,"FUNDAMENTOS MAGICOS",210,S,Diurno,30,25,martes,12:45,14:05,01/08/24,30/12/24,"408 (H)","BEAUXBATON - EDIFICIO B",S,,"Por fijar",,,INSD
2024-02,Beauxbaton,"Facultad de Magia y HechicerÃ­a",6012,"ESCUELA DE HechicerÃ­a",WH236003,"Examinador de ApariciÃ³n I",230,S,Diurno,10,10,jueves,08:15,09:35,01/08/24,30/12/24,410,"BEAUXBATON - EDIFICIO B",S,,"Por fijar",,,SIN
2024-02,Beauxbaton,"Facultad de Magia y HechicerÃ­a",6012,"ESCUELA DE HechicerÃ­a",WH236003,"Examinador de ApariciÃ³n I",230,S,Diurno,10,10,jueves,09:45,11:05,01/08/24,30/12/24,410,"BEAUXBATON - EDIFICIO B",S,,"Por fijar",,,SIN
2024-02,hogwarts,"Facultad de Magia y HechicerÃ­a",6012,"ESCUELA DE HECHICERÃA",WH236003,"Examinador de ApariciÃ³n I",10,S,Diurno,15,13,martes,14:15,15:35,01/08/24,30/12/24,412,"HOGWARTS - TORRE B",S,,"Por fijar",,,JC1
2024-02,hogwarts,"Facultad de Magia y HechicerÃ­a",6012,"ESCUELA DE HECHICERÃA",WH236003,"Examinador de ApariciÃ³n I",10,S,Diurno,15,13,martes,15:45,17:05,01/08/24,30/12/24,412,"HOGWARTS - TORRE B",S,,"Por fijar",,,JC1
2024-02,hogwarts,"Facultad de Magia y HechicerÃ­a",6012,"ESCUELA DE HECHICERÃA",WH236003,"Examinador de ApariciÃ³n I",30,S,Diurno,14,13,martes,14:15,15:35,01/08/24,30/12/24,416,"HOGWARTS - TORRE B",S,,"Por fijar",,,JC1
2024-02,hogwarts,"Facultad de Magia y HechicerÃ­a",6012,"ESCUELA DE HECHICERÃA",WH236003,"Examinador de ApariciÃ³n I",30,S,Diurno,14,13,martes,15:45,17:05,01/08/24,30/12/24,416,"HOGWARTS - TORRE B",S,,"Por fijar",,,JC1
2024-02,Beauxbaton,"Facultad de Magia y HechicerÃ­a",6012,"ESCUELA DE HechicerÃ­a",WH236008,"ANTIDOTO PARA VENENOS COMUNES II",210,S,Diurno,32,26,martes,14:15,15:35,01/08/24,30/12/24,403,"BEAUXBATON - EDIFICIO B",S,,"Por fijar",,,JC1
2024-02,Beauxbaton,"Facultad de Magia y HechicerÃ­a",6012,"ESCUELA DE HechicerÃ­a",WH236008,"ANTIDOTO PARA VENENOS COMUNES II",210,S,Diurno,32,26,martes,15:45,17:05,01/08/24,30/12/24,403,"BEAUXBATON - EDIFICIO B",S,,"Por fijar",,,JC1
2024-02,hogwarts,"Facultad de Magia y HechicerÃ­a",6012,"ESCUELA DE HECHICERÃA",WH236008,"ANTIDOTO PARA VENENOS COMUNES II",10,S,Diurno,30,25,jueves,14:15,15:35,01/08/24,30/12/24,317,"HOGWARTS - TORRE B",S,,"Por fijar",,,JC1
2024-02,hogwarts,"Facultad de Magia y HechicerÃ­a",6012,"ESCUELA DE HECHICERÃA",WH236008,"ANTIDOTO PARA VENENOS COMUNES II",10,S,Diurno,30,25,jueves,15:45,17:05,01/08/24,30/12/24,317,"HOGWARTS - TORRE B",S,,"Por fijar",,,JC1
2024-02,hogwarts,"Facultad de Magia y HechicerÃ­a",6012,"ESCUELA DE HECHICERÃA",WH236010,"Examinador de ApariciÃ³n III",20,S,Diurno,15,8,lunes,09:45,11:05,01/08/24,30/12/24,302,"HOGWARTS - TORRE B",S,,"Por fijar",,,ATD
2024-02,hogwarts,"Facultad de Magia y HechicerÃ­a",6012,"ESCUELA DE HECHICERÃA",WH236010,"Examinador de ApariciÃ³n III",20,S,Diurno,15,8,lunes,11:15,12:35,01/08/24,30/12/24,302,"HOGWARTS - TORRE B",S,,"Por fijar",,,ATD
2024-02,hogwarts,"Facultad de Magia y HechicerÃ­a",6012,"ESCUELA DE HECHICERÃA",WH236010,"Examinador de ApariciÃ³n III",40,S,Diurno,15,9,lunes,09:45,11:05,01/08/24,30/12/24,205,"HOGWARTS - TORRE B",S,,"Por fijar",,,ATD
2024-02,hogwarts,"Facultad de Magia y HechicerÃ­a",6012,"ESCUELA DE HECHICERÃA",WH236010,"Examinador de ApariciÃ³n III",40,S,Diurno,15,9,lunes,11:15,12:35,01/08/24,30/12/24,205,"HOGWARTS - TORRE B",S,,"Por fijar",,,ATD
2024-02,hogwarts,"Facultad de Magia y HechicerÃ­a",6012,"ESCUELA DE HECHICERÃA",WH236010,"Examinador de ApariciÃ³n III",10,S,Diurno,15,13,lunes,09:45,11:05,01/08/24,30/12/24,304,"HOGWARTS - TORRE B",S,,"Por fijar",,,ATD
2024-02,hogwarts,"Facultad de Magia y HechicerÃ­a",6012,"ESCUELA DE HECHICERÃA",WH236010,"Examinador de ApariciÃ³n III",10,S,Diurno,15,13,lunes,11:15,12:35,01/08/24,30/12/24,304,"HOGWARTS - TORRE B",S,,"Por fijar",,,ATD
2024-02,Beauxbaton,"Facultad de Magia y HechicerÃ­a",6012,"ESCUELA DE HechicerÃ­a",WH236011,"ANÃLISIS DE INFORMACIÃN ASTROLOGICA",210,S,Diurno,32,26,jueves,14:15,15:35,01/08/24,30/12/24,"Lab 1","BEAUXBATON - EDIFICIO A",S,,"Por fijar",,,ATD
2024-02,Beauxbaton,"Facultad de Magia y HechicerÃ­a",6012,"ESCUELA DE HechicerÃ­a",WH236011,"ANÃLISIS DE INFORMACIÃN ASTROLOGICA",210,S,Diurno,32,26,jueves,15:45,17:05,01/08/24,30/12/24,"Lab 1","BEAUXBATON - EDIFICIO A",S,,"Por fijar",,,ATD
2024-02,hogwarts,"Facultad de Magia y HechicerÃ­a",6012,"ESCUELA DE HECHICERÃA",WH236012,"GOBIERNO Y GESTIÃN DEL BANCO MAGICO",20,S,Diurno,30,26,viernes,09:45,11:05,01/08/24,30/12/24,306,"HOGWARTS - TORRE D",S,,"Por fijar",,,JC1
2024-02,hogwarts,"Facultad de Magia y HechicerÃ­a",6012,"ESCUELA DE HECHICERÃA",WH236012,"GOBIERNO Y GESTIÃN DEL BANCO MAGICO",20,S,Diurno,30,26,viernes,11:15,12:35,01/08/24,30/12/24,306,"HOGWARTS - TORRE D",S,,"Por fijar",,,JC1
2024-02,Beauxbaton,"Facultad de Magia y HechicerÃ­a",6012,"ESCUELA DE HechicerÃ­a",WH236012,"GOBIERNO Y GESTIÃN DEL BANCO MAGICO",210,S,Diurno,32,25,viernes,14:15,15:35,01/08/24,30/12/24,506,"BEAUXBATON - EDIFICIO B",S,,"Por fijar",,,JC1
2024-02,Beauxbaton,"Facultad de Magia y HechicerÃ­a",6012,"ESCUELA DE HechicerÃ­a",WH236012,"GOBIERNO Y GESTIÃN DEL BANCO MAGICO",210,S,Diurno,32,25,viernes,15:45,17:05,01/08/24,30/12/24,506,"BEAUXBATON - EDIFICIO B",S,,"Por fijar",,,JC1
2024-02,hogwarts,"Facultad de Magia y HechicerÃ­a",6012,"ESCUELA DE HECHICERÃA",WH236019,"ESTRATEGIAS INNOVADORAS PARA  ENCANTAR",10,S,Diurno,25,9,viernes,09:45,11:05,01/08/24,30/12/24,302,"HOGWARTS - ",S,,"Por fijar",,,ATD
2024-02,hogwarts,"Facultad de Magia y HechicerÃ­a",6012,"ESCUELA DE HECHICERÃA",WH236019,"ESTRATEGIAS INNOVADORAS PARA  ENCANTAR",10,S,Diurno,25,9,viernes,11:15,12:35,01/08/24,30/12/24,302,"HOGWARTS - ",S,,"Por fijar",,,ATD
2024-02,Beauxbaton,"Facultad de Magia y HechicerÃ­a",6012,"ESCUELA DE HechicerÃ­a",WH236020,"EPISTEMOLOGIA DE LA HECHICERÃA",210,S,Diurno,15,13,martes,08:15,09:35,01/08/24,30/12/24,501,"BEAUXBATON - EDIFICIO B",S,,"Por fijar",,,INSD
2024-02,Beauxbaton,"Facultad de Magia y HechicerÃ­a",6012,"ESCUELA DE HechicerÃ­a",WH236020,"EPISTEMOLOGIA DE LA HECHICERÃA",210,S,Diurno,15,13,martes,09:45,11:05,01/08/24,30/12/24,501,"BEAUXBATON - EDIFICIO B",S,,"Por fijar",,,INSD
2024-02,Beauxbaton,"Facultad de Magia y HechicerÃ­a",6012,"ESCUELA DE HechicerÃ­a",WH236024,"FENÃMENOS MUGGLE EMERGENTES II",210,S,Diurno,15,13,martes,11:15,12:35,01/08/24,30/12/24,405,"BEAUXBATON - EDIFICIO B",S,,"Por fijar",,,ASD
2024-02,Beauxbaton,"Facultad de Magia y HechicerÃ­a",6012,"ESCUELA DE HechicerÃ­a",WH236024,"FENÃMENOS MUGGLE EMERGENTES II",210,S,Diurno,15,13,martes,12:45,14:05,01/08/24,30/12/24,405,"BEAUXBATON - EDIFICIO B",S,,"Por fijar",,,ASD
2024-02,hogwarts,"Facultad de Magia y HechicerÃ­a",6012,"ESCUELA DE HECHICERÃA",WH236024,"FENÃMENOS MUGGLE EMERGENTES II",10,S,Diurno,25,9,jueves,09:45,11:05,01/08/24,30/12/24,404,"HOGWARTS - TORRE B",S,,"Por fijar",,,JC1
2024-02,hogwarts,"Facultad de Magia y HechicerÃ­a",6012,"ESCUELA DE HECHICERÃA",WH236024,"FENÃMENOS MUGGLE EMERGENTES II",10,S,Diurno,25,9,jueves,11:15,12:35,01/08/24,30/12/24,404,"HOGWARTS - TORRE B",S,,"Por fijar",,,JC1
2024-02,Beauxbaton,"Facultad de Magia y HechicerÃ­a",6012,"ESCUELA DE HechicerÃ­a",WH236030,"DILEMAS ÃTICOS EN HECHICERIA",210,S,Diurno,17,14,martes,08:15,09:35,01/08/24,30/12/24,402,"BEAUXBATON - EDIFICIO B",S,,"Por fijar",,,ASD
2024-02,Beauxbaton,"Facultad de Magia y HechicerÃ­a",6012,"ESCUELA DE HechicerÃ­a",WH236030,"DILEMAS ÃTICOS EN HECHICERIA",210,S,Diurno,17,14,martes,09:45,11:05,01/08/24,30/12/24,402,"BEAUXBATON - EDIFICIO B",S,,"Por fijar",,,ASD
2024-02,hogwarts,"Facultad de Magia y HechicerÃ­a",6012,"ESCUELA DE HECHICERÃA",WH236030,"DILEMAS ÃTICOS EN HECHICERIA",10,S,Diurno,25,23,lunes,09:45,11:05,01/08/24,30/12/24,208,"HOGWARTS - TORRE D",S,,"Por fijar",,,JC1
2024-02,hogwarts,"Facultad de Magia y HechicerÃ­a",6012,"ESCUELA DE HECHICERÃA",WH236030,"DILEMAS ÃTICOS EN HECHICERIA",10,S,Diurno,25,23,lunes,11:15,12:35,01/08/24,30/12/24,208,"HOGWARTS - TORRE D",S,,"Por fijar",,,JC1
2024-02,Beauxbaton,"Facultad de Magia y HechicerÃ­a",6012,"ESCUELA DE HechicerÃ­a",WH236031,"Examinador de ApariciÃ³n VII",210,S,Diurno,8,6,jueves,11:15,12:35,01/08/24,30/12/24,402,"BEAUXBATON - EDIFICIO B",S,,"Por fijar",,,SIN
2024-02,Beauxbaton,"Facultad de Magia y HechicerÃ­a",6012,"ESCUELA DE HechicerÃ­a",WH236031,"Examinador de ApariciÃ³n VII",210,S,Diurno,8,6,jueves,12:45,14:05,01/08/24,30/12/24,402,"BEAUXBATON - EDIFICIO B",S,,"Por fijar",,,SIN
2024-02,hogwarts,"Facultad de Magia y HechicerÃ­a",6012,"ESCUELA DE HECHICERÃA",WH236032," CONCURSO DE ESCUELAS",10,S,Diurno,25,20,martes,09:45,11:05,01/08/24,30/12/24,303,"HOGWARTS - TORRE D",S,,"Por fijar",,,JC1
2024-02,hogwarts,"Facultad de Magia y HechicerÃ­a",6012,"ESCUELA DE HECHICERÃA",WH236032," CONCURSO DE ESCUELAS",10,S,Diurno,25,20,martes,11:15,12:35,01/08/24,30/12/24,303,"HOGWARTS - TORRE D",S,,"Por fijar",,,JC1
2024-02,hogwarts,"Facultad de Magia y HechicerÃ­a",6012,"ESCUELA DE HECHICERÃA",WH236033,"EVALUACIÃN DE ENANOS",10,S,Diurno,25,20,jueves,14:15,15:35,01/08/24,30/12/24,404,"HOGWARTS - TORRE B",S,,"Por fijar",,,JC1
2024-02,hogwarts,"Facultad de Magia y HechicerÃ­a",6012,"ESCUELA DE HECHICERÃA",WH236033,"EVALUACIÃN DE ENANOS",10,S,Diurno,25,20,jueves,15:45,17:05,01/08/24,30/12/24,404,"HOGWARTS - TORRE B",S,,"Por fijar",,,JC1
2024-02,Beauxbaton,"Facultad de Magia y HechicerÃ­a",6012,"ESCUELA DE HechicerÃ­a",WH236036,"PREPARACIÃN T.I.M.O II",220,S,Diurno,8,8,martes,14:15,15:35,01/08/24,30/12/24,506,"BEAUXBATON - EDIFICIO B",S,,"Por fijar",,,ASD
2024-02,Beauxbaton,"Facultad de Magia y HechicerÃ­a",6012,"ESCUELA DE HechicerÃ­a",WH236036,"PREPARACIÃN T.I.M.O II",220,S,Diurno,8,8,martes,15:45,17:05,01/08/24,30/12/24,506,"BEAUXBATON - EDIFICIO B",S,,"Por fijar",,,ASD
2024-02,Beauxbaton,"Facultad de Magia y HechicerÃ­a",6012,"ESCUELA DE HechicerÃ­a",WH236036,"PREPARACIÃN T.I.M.O II",210,S,Diurno,8,7,jueves,14:15,15:35,01/08/24,30/12/24,"NO NECESITA SALA","BEAUXBATON - EDIFICIO A",S,,"Por fijar",,,JC1
2024-02,Beauxbaton,"Facultad de Magia y HechicerÃ­a",6012,"ESCUELA DE HechicerÃ­a",WH236036,"PREPARACIÃN T.I.M.O II",210,S,Diurno,8,7,jueves,15:45,17:05,01/08/24,30/12/24,"NO NECESITA SALA","BEAUXBATON - EDIFICIO A",S,,"Por fijar",,,JC1
2024-02,hogwarts,"Facultad de Magia y HechicerÃ­a",6012,"ESCUELA DE HECHICERÃA",WH236037,"TALLER Y PRÃCTICA VARITAS II",20,S,Diurno,10,3,martes,14:15,15:35,01/08/24,30/12/24,204,"HOGWARTS - TORRE B",S,,"Por fijar",,,ATD
2024-02,hogwarts,"Facultad de Magia y HechicerÃ­a",6012,"ESCUELA DE HECHICERÃA",WH236037,"TALLER Y PRÃCTICA VARITAS II",20,S,Diurno,10,3,martes,15:45,17:05,01/08/24,30/12/24,204,"HOGWARTS - TORRE B",S,,"Por fijar",,,ATD
2024-02,Beauxbaton,"Facultad de Magia y HechicerÃ­a",6012,"ESCUELA DE HechicerÃ­a",WH236037,"TALLER Y PRÃCTICA VARITAS II",210,S,Diurno,8,8,lunes,14:15,15:35,01/08/24,30/12/24,"NO NECESITA SALA","BEAUXBATON - EDIFICIO A",S,,"Por fijar",,,JC1
2024-02,Beauxbaton,"Facultad de Magia y HechicerÃ­a",6012,"ESCUELA DE HechicerÃ­a",WH236037,"TALLER Y PRÃCTICA VARITAS II",210,S,Diurno,8,8,lunes,15:45,17:05,01/08/24,30/12/24,"NO NECESITA SALA","BEAUXBATON - EDIFICIO A",S,,"Por fijar",,,JC1
2024-02,Beauxbaton,"Facultad de Magia y HechicerÃ­a",6012,"ESCUELA DE HechicerÃ­a",WH236037,"TALLER Y PRÃCTICA VARITAS II",220,S,Diurno,8,5,viernes,14:15,15:35,01/08/24,30/12/24,"NO NECESITA SALA","BEAUXBATON - EDIFICIO A",S,,"Por fijar",,,JC1
2024-02,Beauxbaton,"Facultad de Magia y HechicerÃ­a",6012,"ESCUELA DE HechicerÃ­a",WH236037,"TALLER Y PRÃCTICA VARITAS II",220,S,Diurno,8,5,viernes,15:45,17:05,01/08/24,30/12/24,"NO NECESITA SALA","BEAUXBATON - EDIFICIO A",S,,"Por fijar",,,JC1
